modify,delete
CHSTEROLt,CYTDt
trna_ala,DCYTt
trna_asp,DTTPt
trna_cys,DURIt
trna_gly,THYMDt1
trna_his,URAt
trna_ile,URIt
trna_leu,NTD1pp
trna_lys,NTD10pp
trna_pro,NTD11pp
trna_secys,NTD12pp
trna_ser,NTD2pp
trna_thr,NTD3pp
trna_tyr,NTD4pp
trna_val,NTD5pp
trna_arg,NTD6pp
trna_met,NTD7pp
trna_asn,NTD8pp
trna_gln,NTD9pp
trna_glu,PAPA120pp
trna_phe,PAPA140pp
trna_trp,PAPA141pp
amet_ex,PAPA160pp
ppa_ex,PAPA161pp
pail_ex,PAPA180pp
pail_uptake,PAPA181pp
ocdcea_t,PGPP120pp
hdcea_t,PGPP140pp
ttdcea_t,PGPP141pp
trdrd_t,PGPP160pp
trdrd_exp,PGPP161pp
5aop_t,PGPP180pp
adpr_ex,PGPP181pp
adpr_t,GPDDA1pp
fldox_exp,GPDDA2pp
PIACGT,GPDDA3pp
g3pc_ex,GPDDA4pp
g3pi_ex,GPDDA5pp
g3ps_ex,CHTNASE
g3pc_t,PSP_Lp
g3pi_t,DM_HMFURN
g3ps_t,5AOPt2
dolichol_ex,METS
dolichol_t,AABTN
seln_ex,FRD_mt
seln_t,NADH2_u6cm_mt
2agpe120[e]_ex,PAPA120
2agpe140[e]_ex,PAPA140
2agpe141[e]_ex,PAPA141
2agpe160[e]_ex,PAPA160
2agpe161[e]_ex,PAPA161
2agpe180[e]_ex,PAPA180
2agpe181[e]_ex,PAPA181
2agpg120[e]_ex,NTD5
2agpg140[e]_ex,NTD4
2agpg141[e]_ex,NTD3
2agpg160[e]_ex,EX_thymd(e)
2agpg161[e]_ex,G6Pt6_2pp
2agpg180[e]_ex,F6Pt6_2pp
2agpg181[e]_ex,NCAMUP
2ddecg3p[e]_ex,L_LACt2r
2agpe120[e]_t,2_1_1_103
2agpe140[e]_t,GTPHs
2agpe141[e]_t,GTHOr_mt
2agpe160[e]_t,GTHP_mt
2agpe161[e]_t,DM_4HBA
2agpe180[e]_t,DM_HMFURN
2agpe181[e]_t,DM_4HBA
2agpg120[e]_t,GTHRDtmt
2agpg140[e]_t,EX_lac_L(e)
2agpg141[e]_t,AKGtmt
2agpg160[e]_t,SUCD3_u6m_mt
2agpg161[e]_t,TALA
2agpg180[e]_t,OMMBLHX3_mt
2agpg181[e]_t,Ht
2ddecg3p[e]_t,ASPTA_mt
gdp_t,O2St
gtp_t,
2dr_p,
mi13456p_ex,
mi1345p_ex,
mi134p_ex,
mi1456p_ex,
mi145p_ex,
mi14p_ex,
mi1p_D_ex,
mi34p_ex,
mi4p_D_ex,
dIMP_ex,
dIMP_t,
mi13456p_t,
mi1345p_t,
mi134p_t,
mi1456p_t,
mi145p_t,
mi14p_t,
mi1p_D_t,
mi34p_t,
mi4p_D_t,
acp_exp,
acp_t,
ACPS1,
ACCOAC[ap],
KAS14[ap],
3OAR40[ap],
3OAS60[ap],
AXST_ex,
AXST_t,
citrul_ex,
anth_ex,
hcys_ex,
uri_gf,
SBTR,
LALDO2x,
mthgxl_s,
mthgxl_ex,
ACP1,
THZPSN_mt,
MAN1PT,
GALUi,
DMQMT_mt,
OHPHM_mt,
HETZK,
UDCPDPS,
OCTDPS,
OMBZLM_mt,
NADK,
DSAT,
PYK,
HYPOE,
PDXPP,
PYDXPP,
LYSDC,
ADNCYC,
ARGTRS,
PGM,
DHCRD1,
DHCRD2,
PDX5POi,
THD2pp,
PPA2,
HBZOPT_mt,
GLUDxi,
GLUDy,
GLUDy[ap],
GLCNACPT,
DOLDPP,
DOLPMT1,
DOLPMT2,
DOLPMT3,
DOLPMT4,
pppg9_ex,
HMGLB,
ADCL,
HCO3E,
SELCYSS,
TRPTRS,
TYRTA,
GLNTRS,
THMP,
TKT1,
TKT2,
DTMPK,
DUMPK,
UMPK,
NDPK2,
NDPK3,
NDPK4,
NDPK5,
NDPK7,
NDPK8,
NDPK1,
PPA,
G6PDH2r,
OPHHX_mt,
ILETA,
CBPSam,
ASPTA,
1_7_1_3_mt,
1_7_1_1_mt,
CYTK1,
CYTK2,
SHKK,
HMT,
ORNCT,
2.1.1.12,
PNTH,
PNTK2,
HMBZ,
Hfv,
HMBZ_out,
HMBZex,
HcysE,
GLNGLU,
PSTK,
PYRDAT,
GCM,
2.4.1.141,
LAC,
THZPSN_mt2,
PYK[ap]2,
AMPPT1,
AMPPT2,
SPMS2,
RNDR5,
NTD1,
NTD10,
NTD2,
NTD6,
NTD7,
NTD8,
NTD9,
LEUTA,
VALTA,
THMDP,
FOLATEt,
GLUTRS,
ADEt,
METTRS,
ASNTRS,
FMNAT,
PHETRS,
RNDR1,
RNDR2,
RNDR3,
RNDR4,
GPIMTer_L,
ADCS,
PFK_2,
PROTRS,
ASPTRS,
GLYTRS,
LYSTRS,
GP4GH1,
AP4AH1,
OMMBLHX_mt,
OPHBDC_mt,
PDE4,
cys_br,
progly_ex,
progly_t,
FLDO[ap],
FLDR[ap],
CYOOm_mt,
CYOR_u6m_mt,
NADH5,
SUCD2_u6m_mt,
DHORD2_mt,
FACOAL100t2pp[ap],
FACOAL120t2pp[ap],
FACOAL140t2pp[ap],
FACOAL141t2pp[ap],
FACOAL160t2pp[ap],
FACOAL161t2pp[ap],
FACOAL180t2pp[ap],
FACOAL181t2pp[ap],
FACOAL60t2pp[ap],
FACOAL80t2pp[ap],
35cgmp_ex,
camp_ex,
gluside_ex,
pap_ex,
sperm_ex,
GPDDA1,
GPDDA2,
GPDDA3,
GPDDA4,
GPDDA5,
NDPK9,
SMPD3l,
2_7_8_3,
SMS,
SM_host,
SM_ex,
SMPD3l_host,
PGK,
EX_4HBA,
EX_HMFURN,
ILEt2r,
DOLPMT,
SPODMc,
SPODM_mt,
GTHOXti,
GTHRDti,
GTHOXte,
GTHRDte,
GTHOr_c,
GTHOr[ap],
GTHP[ap],
GST12_c,
G_Protein_t,
G_Protein_Ex,
GST12_e,
THIORDXi_c,
THIORDXi_mt,
GTHP_c,
ROOH_mEx,
ROOH_aEx,
ROH_mEx,
ROH_aEx,
GTHP_c2,
GTHP[ap]2,
Stress_protein_c,
disulfide_protein_c,
Stress_protein_m,
disulfide_protein_m,
Stress_protein[ap],
disulfide_protein[ap],
THIORDXi_c2,
THIORDXi_mt2,
Stress_protein_c,
disulfide_protein_c,
superox_ex,
H2O2tap,
Trdox_tmt,
FADH2_ex,
GTHRDtmt,
GTHRDtap,
PYRt2r,
NADPHtmt,
NADPtmt,
PDH[ap],
G3PD_mt,
G3PD1ir,
MDHc,
AKG_MALtmt,
AKG_OAAtmt,
MDHm,
PRPPS,
PCt,
GHMT2r,
GHMT2r_m,
GHMT2r_ap,
GLYCL_mt,
FRUt1r,
Q8H2tmt,
MANt1r,
PIt2r,
MLTHFtap,
pABAt,
MLTHFtmt,
MLTHFt,
