Rxn,c_res,c_sens,v_res,v_sens,subsystems
ARGN,0,0,0,0,AminoAcids ArgProMetabolism
G5SADr,0,609.41496552263,0,0,AminoAcids ArgProMetabolism
ORNTA,0,609.41496552263,0,0,AminoAcids ArgProMetabolism
P5CR,0,609.41496552263,0,0,AminoAcids ArgProMetabolism
ACGS,0,0,0,0,AminoAcids ArgProMetabolism
AMPTASEPG,0,0,146.615890788148,0,AminoAcids ArgProMetabolism
ASNS1,0,0,0,0,AminoAcids AsnAspMetabolism
GLUSx,0,0,0,0,AminoAcids GluMetabolism
GLNS,0,0,0,0,AminoAcids GluMetabolism ; AminoAcids NitrogenMetabolism
GF6PTA,0,0,0,0,Carbohydrates AminosugarsMetabolism ; AminoAcids GluMetabolism
GLUCYS,0,2.07887715389477,0,0,Redox RedoxMetabolism ; AminoAcids GluMetabolism
SERTRS2,0,0,0,0,AminoAcids SelenocysteineMetabolism ; AminoAcids GlySerMetabolism
SERTRS,0.91243182733399,8.94466462998846,0.907314942351496,0.908332227095203,AminoAcids SelenocysteineMetabolism ; AminoAcids GlySerMetabolism
HIBHr,0,0,0,0,AminoAcids LeuIleValMetabolism
ILETRS,1.06505135720884,10.4408098430569,1.0590785873733,1.06026603005614,AminoAcids LeuIleValMetabolism
LEUTRS,1.01696575190581,9.96942162524083,1.01126264442123,1.01239647569858,AminoAcids LeuIleValMetabolism
OIVD1_mt,0,0,0,0,AminoAcids LeuIleValMetabolism
OIVD2_mt,0,0,0,0,AminoAcids LeuIleValMetabolism
OIVD3_mt,0,0,0,0,AminoAcids LeuIleValMetabolism
VALTRS,0.60629676251653,5.94359057246369,0.602896672004431,0.603572641899595,AminoAcids LeuIleValMetabolism
SACCD2,0,0,0,0,AminoAcids LysMetabolism
ADMDC,0,0,0,0,AminoAcids MetPolyamineMetabolism
AHCi,0,0,0,0,AminoAcids MetPolyamineMetabolism
AMMQLT8,0,0,0,0,AminoAcids MetPolyamineMetabolism
METAT,0,0,0,0,AminoAcids MetPolyamineMetabolism
ORNDC,0,0,0,0,AminoAcids MetPolyamineMetabolism
SPMS,0,0,0,0,AminoAcids MetPolyamineMetabolism
FMETTRS,0.298668355919473,2.92787712929246,0.296993434484941,0.297326424581081,Cofactors FolateBiosynthesis ; AminoAcids MetPolyamineMetabolism
FMETDF,0,0,0,0,AminoAcids MetPolyamineMetabolism
NTRIR2x_mt,0,9.89504314560494,0,60.0345061346246,AminoAcids NitrogenMetabolism
PHETA1,0,0,0,0,AminoAcids PheTyrMetabolism
TYRTRS,0.411863662812953,4.0375425612943,0.409553946154734,0.410013139497311,AminoAcids PheTyrMetabolism
SELNPS,0,0,0,0,AminoAcids SelenocysteineMetabolism
ALATRS,0.407383637474161,3.99362440435491,0.40509904463746,0.405553243128595,AminoAcids tRNA
CYSTRS,0.201302471889725,1.97338918514312,0.200173574842851,0.200398010167649,AminoAcids tRNA
HISTRS,0.3174844623424,3.11233338843789,0.315704020857493,0.316057989329689,AminoAcids tRNA
THRTRS,0.610776787855322,5.98750872940308,0.607351573521705,0.608032538268311,AminoAcids tRNA
ACGAM6PS,0,0,0,0,Carbohydrates AminosugarsMetabolism
ACGAMPM,0,0,0,0,Carbohydrates AminosugarsMetabolism
DOLASNT,0,0,0,0,Carbohydrates AminosugarsMetabolism
UAGDP,0,0,0,0,Carbohydrates AminosugarsMetabolism
ALCD19_D,0,0,0,0,Carbohydrates PyruvateMetabolism ; Carbohydrates Glycolysis
ENO,1000,1000,1000,1000,Carbohydrates Glycolysis
FBA,0,13.1681574809821,0,0.0331518963407689,Carbohydrates Glycolysis
GAPD,1000,1000,1000,1000,Carbohydrates Glycolysis
GLYK,0,0.477902793998798,0,0,Carbohydrates Glycolysis
HEX1,0,26.3309863458113,0,0,Carbohydrates Glycolysis ; Carbohydrates MannoseFructoseMetabolism
LDH_L,-995.460031922175,-973.669013654189,-1000,-1000,Carbohydrates Glycolysis
PFK,0,13.1681574809822,0,0.0331518963407906,Carbohydrates Glycolysis
PGI,0,26.3309863458112,0,0,Carbohydrates Glycolysis
PGMT,0,0,0,0,Carbohydrates Glycolysis ; Carbohydrates PentosePhosphateCycle
TPI,3.31260644311385,0,1.04959796295771,-0.0198911378045068,Carbohydrates Glycolysis ; Lipids IsoprenoidsMetabolism
TPI[ap],0.0532824346960297,13.1681574809821,0.052983628712127,0.0530430341452757,Carbohydrates Glycolysis ; Lipids IsoprenoidsMetabolism
G3PD1ir[ap],0,0,0,0,Lipids FattyAcidSynthesis ; Others MitochondrialElectronFlow ; Carbohydrates Glycolysis ; Lipids UtilizationPhospholipids
HEX7,0.00666030433700425,0,0.00662295358901419,0.0397822756089487,Carbohydrates MannoseFructoseMetabolism ; Carbohydrates Glycolysis
PYK[ap],4.53330777348813,0,0,0.0530430341452649,Carbohydrates Glycolysis ; Carbohydrates PyruvateMetabolism ; Lipids IsoprenoidsMetabolism ; Lipids FattyAcidSynthesis
GFUCS,0,0,0,0,Carbohydrates MannoseFructoseMetabolism
GMAND,0,0,0,0,Carbohydrates MannoseFructoseMetabolism
HEX8,0,0,0,0,Carbohydrates MannoseFructoseMetabolism ; Carbohydrates Glycolysis
MAN6PI,0,0,0,0,Carbohydrates MannoseFructoseMetabolism
PMANM,0,0,0,0,Carbohydrates MannoseFructoseMetabolism
DRPA,996.70071416556,1000,998.96364794422,1000,Carbohydrates PentosePhosphateCycle
GND,0,0,0,0,Carbohydrates PentosePhosphateCycle
PGL,0,0,0,0,Carbohydrates PentosePhosphateCycle
PGMT_2,15.6330484197147,0,17.8458899880482,15.5628083786353,Carbohydrates PentosePhosphateCycle ; Carbohydrates Glycolysis
R1PK,0,0,0,0,Carbohydrates PentosePhosphateCycle
RPE,-0.00666030433706055,-13.1628288648291,-0.0066229535890443,-0.00663037926813104,Carbohydrates PentosePhosphateCycle
RPI,0,-13.157500248676,0,0,Carbohydrates PentosePhosphateCycle
GNK,0,0,0,0,Carbohydrates PentosePhosphateCycle
ACACT1r,1000,0,0,0,Carbohydrates PyruvateMetabolism
ACCOAL,0,0,0,0,Carbohydrates PyruvateMetabolism
ACS,0,3.58427095499098,0,0,Carbohydrates PyruvateMetabolism
GLYOX,0,0,0,0,Carbohydrates PyruvateMetabolism
LGTHL,0,0,0,0,Carbohydrates PyruvateMetabolism
MDH2_mt,0,0,0,0,Carbohydrates PyruvateMetabolism
PPC,0,0,0,0,Carbohydrates PyruvateMetabolism
PPCK,0,0,4.51450809957525,0.0663037926815811,Carbohydrates PyruvateMetabolism
FUM_mt,342.194079419887,26.0964083239808,322.73291822847,190.103518403874,Others MitochondrialTCACycle ; Carbohydrates PyruvateMetabolism
SUCOAS_mt,0,0,0,0,Others MitochondrialTCACycle ; Carbohydrates PyruvateMetabolism
DPCOAK[ap],0.0172032973009616,0.0137636004671654,0.0171068218263326,0.0171260020558703,Cofactors CoABiosynthesis
PNTK,0.0172032973009616,0.0137636004671654,0.0171068218263326,0.0171260020558703,Cofactors CoABiosynthesis
PPCDC,0.0172032973009616,0.0137636004671654,0.0171068218263326,0.0171260020558703,Cofactors CoABiosynthesis
PPNCL2,0.0172032973009616,0.0137636004671654,0.0171068218263326,0.0171260020558703,Cofactors CoABiosynthesis
PTPATi,0.0172032973009616,0.0137636004671654,0.0171068218263326,0.0171260020558703,Cofactors CoABiosynthesis
AKP1,0,0,0,0,Cofactors FolateBiosynthesis
DHFR,0.832657509467936,0.666172599694619,0.827987996000616,0.828916339089574,Cofactors FolateBiosynthesis
DHFS,0.0199809130110127,0.0159858484592599,0.0198688607670425,0.0198911378044743,Cofactors FolateBiosynthesis
DHPS2,0.0199809130110127,0.0159858484592599,0.0198688607670425,0.0198911378044743,Cofactors FolateBiosynthesis
GTPCI,0,0,0,0,Cofactors FolateBiosynthesis
HPPK2,0.0199809130110127,0.0159858484592599,0.0198688607670425,0.0198911378044743,Cofactors FolateBiosynthesis
MTHFC,0.305328660256464,2.93320574544555,0.30361638807392,0.303956803849246,Cofactors FolateBiosynthesis
MTHFD,0.305328660256464,2.93320574544555,0.30361638807392,0.303956803849246,Cofactors FolateBiosynthesis
PTHPS,0,0,0,0,Cofactors FolateBiosynthesis
THFGLUS,0,0,0,0,Cofactors FolateBiosynthesis
NADS2,0.068036651478456,0.0544331282364631,0.0676551043756698,0.0677309595195704,Cofactors NicotinateNicotinamideMetabolism
NAMNPP,0.068036651478456,0.0544331282364631,0.0676551043756698,0.0677309595195704,Cofactors NicotinateNicotinamideMetabolism
NNAM,0,0,0,0,Cofactors NicotinateNicotinamideMetabolism
NNATr,0.0680366514784509,0.0544331282364965,0.0676551043757172,0.067730959519622,Cofactors NicotinateNicotinamideMetabolism
NADTRHD,0,377.942623521925,0,1000,Cofactors NicotinateNicotinamideMetabolism
ALAS_mt,0,0,0,0,AminoAcids GlySerMetabolism ; Cofactors PorphyrinMetabolism
CPPPGO,0,0,0,0,Cofactors PorphyrinMetabolism
CPPPGO[ap],0,0,0,0,Cofactors PorphyrinMetabolism
CPPPGO_mt,0,0,0,0,Cofactors PorphyrinMetabolism
FCLT,0,0,0,0,Cofactors PorphyrinMetabolism
FCLT[ap],0,0,0,0,Cofactors PorphyrinMetabolism
HMBS[ap],0,0,0,0,Cofactors PorphyrinMetabolism
PPBNGS[ap],0,0,0,0,Cofactors PorphyrinMetabolism
PPPGO,0,0,0,0,Cofactors PorphyrinMetabolism
PPPGO_mt,0,0,0,0,Cofactors PorphyrinMetabolism
PPPGO3,0,0,0,0,Cofactors PorphyrinMetabolism
PPPGO3_mt,0,0,0,0,Cofactors PorphyrinMetabolism
UPP3S[ap],0,0,0,0,Cofactors PorphyrinMetabolism
UPPDC1[ap],0,0,0,0,Cofactors PorphyrinMetabolism
RBFK,0.00666030433700425,0.0053286161530866,0.00662295358901419,0.00663037926815811,Cofactors RiboflavinMetabolism
ANS,0,0,0,0,Cofactors ShikimateBiosynthesis
CHORS,0.00666030433700425,13.1628288648291,0.00662295358901419,0.00663037926815811,Cofactors ShikimateBiosynthesis
DDPA,0.00666030433700425,13.1628288648291,0.00662295358901419,0.00663037926815811,Cofactors ShikimateBiosynthesis
DHQS,0.00666030433700425,13.1628288648291,0.00662295358901419,0.00663037926815811,Cofactors ShikimateBiosynthesis
DHQTi,0.00666030433700425,13.1628288648291,0.00662295358901419,0.00663037926815811,Cofactors ShikimateBiosynthesis
PSCVT,0.00666030433706055,13.1628288648291,0.0066229535890443,0.00663037926813104,Cofactors ShikimateBiosynthesis
SHK3Dr,0.00666030433706055,13.1628288648291,0.0066229535890443,0.00663037926813104,Cofactors ShikimateBiosynthesis
HMPK1,0,13.1255285517575,0,0,Cofactors ThiamineMetabolism
PMPK,0,13.1255285517575,0,0,Cofactors ThiamineMetabolism
TMDPK,0.00666030433700425,0,0.00662295358901419,0.00663037926815811,Cofactors ThiamineMetabolism
TMPK,0,0.0053286161530866,0,0,Cofactors ThiamineMetabolism
TMPPP,0,13.1255285517575,0,0,Cofactors ThiamineMetabolism
CHRPL,0.00666030433700425,0.0053286161530866,0.00662295358901419,0.00663037926815811,Cofactors UbiquinoneMetabolism
OMPHHX_mt,0,0,0,0,Cofactors UbiquinoneMetabolism
PYAM5PO,0,0,0,0,Cofactors VitB6Metabolism
PYDAMK,0,0,0,0,Cofactors VitB6Metabolism
PYDXK,0,0,0,0,Cofactors VitB6Metabolism
PYDXNK,0,0,0,0,Cofactors VitB6Metabolism
R07456,0.00666030433706055,0.00532861615306501,0.0066229535890443,0.00663037926813104,Cofactors VitB6Metabolism
EX_4abut(e),0,0,0,0,Exchange
EX_ac(e),0,-3.58427095499098,0,0,Exchange
EX_acald(e),996.70071416556,1000,998.96364794422,1000,Exchange
EX_ade(e),10.2741456028542,1000,-992.077901496663,0,Exchange
EX_adn(e),-15.6330484197147,0,984.20217673616,1000,Exchange
EX_akg(e),341.596742708048,12.1688815366153,313.466515177136,0,Exchange
EX_ala_L(e),103.279159074927,92.0869401936254,102.699973252771,102.815120828428,Exchange
EX_arg_L(e),13.5281234477014,7.19589492394505,13.4522582163085,13.4673409361152,Exchange
EX_asn_L(e),9.41641592542919,-9.25868155357307,9.36360900244119,9.37410751419236,Exchange
EX_asp_L(e),363.453830597276,630.369910010455,332.900518157405,21.7588829384077,Exchange
EX_chol(e),0,3.10636816099213,0,4.45989636871627,Exchange
EX_cholesterol,-1.55008876722206,-1.24015775042687,-1.54139592497688,-1.54312414357582,Exchange
EX_cit(e),0,0,0,0,Exchange
EX_co2(e),-5.44282862487387,22.6532434938733,-0.953876979023221,-9.85689679184918,Exchange
EX_cys_L(e),6.74850110250725,-11.6175631485972,6.7106557502176,6.71817976133696,Exchange
EX_cytd(e),0,0,0,0,Exchange
EX_dad_2(e),5.35890281686045,-1000,7.87572476050275,-1000,Exchange
EX_dag,0,0,0,0,Exchange
EX_dca(e),0,0,0,0,Exchange
EX_dcyt(e),0,0,0,0,Exchange
EX_ddca(e),0,0,0,0,Exchange
EX_dgsn(e),-2.05961698242072,-1000,-1000,6.84704103375043,Exchange
EX_din(e),-1000,1000,-6.83937270472313,-6.84704103375043,Exchange
EX_duri(e),0,0,0,0,Exchange
EX_etha(e),0,0,0,0,Exchange
EX_f6p(e),0,0,0,0,Exchange
EX_fe2(e),-0.424467467432805,-0.339597725415501,-0.422087069090026,-0.422560314614657,Exchange
EX_folate1,-0.019980913011068,-0.0159858484593087,-0.0198688607670192,-0.0198911378045068,Exchange
EX_folate3,0,0,0,0,Exchange
EX_folate4,-0.019980913011068,13.1415144002167,-0.0198688607670192,-0.0198911378045068,Exchange
EX_for(e),0,0,0,0,Exchange
EX_fru(e),-0.00666030433706055,0,-0.0066229535890443,-0.0397822756088999,Exchange
EX_fum(e),-335.316135451924,-20.2451931219354,-315.893545523747,-119.826274976221,Exchange
EX_g6p(e),0,0,0,0,Exchange
EX_gam(e),0,0,0,0,Exchange
EX_gam6p(e),0,0,0,0,Exchange
EX_glc(e),-493.278379049526,-26.3309863458112,0,-192.444785601595,Exchange
EX_gln_L(e),7.45359735716193,-10.8323218058117,5.91940584206282,7.42010798448791,Exchange
EX_glu_L(e),-317.435727121257,8.81522128786253,-287.948601691442,24.0524589776262,Exchange
EX_gly(e),74.9892048827714,32.5143799178165,221.29671818097,74.7421357311759,Exchange
EX_glyc(e),0.597336711838921,0,6.15146997791385,0.594652849162117,Exchange
EX_gsn(e),-1000,1000,-2.04806672420818,-15.5628083786353,Exchange
EX_gthox(e),498.611192144974,-0.071685419099822,2.61277004053784,498.617432125698,Exchange
EX_gthrd(e),-1000,0,-7.98757902178556,-1000,Exchange
EX_gua(e),1000,-1.64780883370781,1000,6.66540432097372,Exchange
EX_h(e),722.909455051857,1000,1000,651.801476768312,Exchange
EX_h2o(e),-769.812515602653,0,-918.906480568997,227.582650064067,Exchange
EX_h2o2(e),0,0,343.633540885765,-498.706630053072,Exchange
EX_hdca(e),0,0,0,0,Exchange
EX_hdcea(e),0,0,5.55748310894398,-4.45989636871627,Exchange
EX_his_L(e),53.3812043213366,39.8496223982529,53.0818444408978,53.1413599938739,Exchange
EX_homocysteine,0,0,0,0,Exchange
EX_hxa(e),0,0,0,0,Exchange
EX_hxan(e),-6.87794396796244,-5.50274003607967,1000,1000,Exchange
EX_ile_L(e),-11.7155649292972,-18.9618166600554,-11.6498644611063,-11.6629263306174,Exchange
EX_inositol,-12.6685289428684,-10.1425232889269,-12.62222096561,-12.6116086308808,Exchange
EX_inost(e),5.35829584568546,-1.29110835475478,0,-2.47644138151077,Exchange
EX_ins(e),1000,-1000,-1000,-1000,Exchange
EX_lac_D(e),0,0,0,0,Exchange
EX_leu_L(e),96.5737558161786,68.1086164082244,96.03217365515,96.1398452701585,Exchange
EX_lys_L(e),49.0194217846529,25.440224902492,48.7445226243362,48.7991751566492,Exchange
EX_mal_L(e),0,-595.965341529263,4.15790808278916,189.44256176203,Exchange
EX_malt(e),0,0,0,0,Exchange
EX_man(e),0,0,0,0,Exchange
EX_met_L(e),11.3202773602378,3.62791427127002,11.2567936505654,11.2694148076845,Exchange
EX_nac(e),-0.0680366514784509,-0.0544331282364965,-0.0676551043757172,-0.067730959519622,Exchange
EX_nh4(e),-16.1684871553116,0,-19.2425247792017,43.8937342898241,Exchange
EX_nicotinamide1,0,0,0,0,Exchange
EX_no(e),0,0,0,0,Exchange
EX_no2(e),0,-9.89504314560497,0,-60.0345061346246,Exchange
EX_no3(e),0,0,0,0,Exchange
EX_o2(e),-171.150098143372,-3.19561073206239,182.214320887894,-35.0700731066391,Exchange
EX_o2s(e),0,0,-687.26708177153,0,Exchange
EX_ocdca(e),0,0,0,0,Exchange
EX_ocdcea(e),0,0,0,0,Exchange
EX_octa(e),0,0,0,0,Exchange
EX_orn(e),0,-616.66322139095,0,0,Exchange
EX_phe_L(e),38.9109614117228,26.2290348182069,38.6927501348498,38.7361325840602,Exchange
EX_phosphatidyl1,0,0,0,0,Exchange
EX_phosphatidyl2,-112.62284636535,-83.6329889497896,-120.282340966401,-104.064248603378,Exchange
EX_pi(e),-1.9738032242866,0,0,-5.31570060776255,Exchange
EX_pnto_R(e),-0.0172032973009664,-0.0137636004672004,-0.0171068218263599,-0.0171260020558748,Exchange
EX_pro_L(e),38.3422072615454,637.173392385963,184.743076325709,38.1699338737303,Exchange
EX_ptrc(e),-1.43062142485428,-1.14457719162715,-1.42259855118289,-1.42419357374342,Exchange
EX_pyr(e),0,0,0,-0.00663037926813104,Exchange
EX_ribflv1,-0.0133206086740074,-0.01065723230613,-0.0132459071779749,-0.0132607585362621,Exchange
EX_sbt_D(e),493.278379049525,0,0,192.444785601595,Exchange
EX_ser_L(e),26.7320861547835,22.0728515700331,26.526093932252,26.5670471188137,Exchange
EX_so4(e),-0.117914266916955,-0.094338011535342,-0.117253007934664,-0.117384472424646,Exchange
EX_spmd(e),-0.286422953326792,-0.229154389722453,-0.284816703671027,-0.285136041173246,Exchange
EX_succ(e),0,-0.348475165965738,0,-63.4302023939023,Exchange
EX_thm(e),-0.00666030433706055,13.1201999356044,-0.0066229535890443,-0.00663037926813104,Exchange
EX_thr_L(e),41.1749571500991,27.4434165803125,40.9440494662761,40.9899560803121,Exchange
EX_trp_L(e),8.2917503643788,6.07053432314069,8.24525052554475,8.2544951297898,Exchange
EX_ttdca(e),0,0,0,0,Exchange
EX_ttdcea(e),0,0,0,0,Exchange
EX_tyr_L(e),13.4295628902479,-6.08915536079098,13.3542503829285,13.3692232160034,Exchange
EX_ura(e),0,0,0,0,Exchange
EX_urea(e),0,0,0,0,Exchange
EX_uri(e),0,0,0,0,Exchange
EX_val_L(e),86.1243953818018,63.4458162390079,85.6414128595425,85.7374343165525,Exchange
EX_xan(e),0,0,0,0,Exchange
EX_xmp(e),0,0,0,0,Exchange
EX_xtsn(e),0,0,0,0,Exchange
PTD1INOt,-12.6685289428684,-10.1425232889269,-12.62222096561,-12.6116086308808,Transport lipid
FEROpp,0.0530584334290944,0.0424497156769432,0.0527608836362498,0.0528200393268291,Ion
lipid1,0,0,0,0,Lipids
lipid10,0,0,0,0,Lipids
lipid2,0,0,0,0,Lipids
lipid3,2.26488885310516,1.95865817339984,0.841481397707298,2.44585101397536,Lipids
lipid4,-0.0248761837091251,-0.0129110835475785,0,-0.0247644138150918,Lipids
lipid5,0,0,0,0,Lipids
lipid6,0,0,0,0,Lipids
lipid7,0,0,0,0,Lipids
lipid8,0,0,0,0,Lipids
lipid9,0,0,0,0,Lipids
DOLK,0,0,0,0,Lipids DolicholMetabolism
FRTT,0,0,0,0,Lipids TerpenoidMetabolism ; Lipids DolicholMetabolism
GGTT,0,0,0,0,Lipids DolicholMetabolism
3OAR100[ap],0,0,0,0,Lipids FattyAcidSynthesis
3OAR120[ap],0,0,0,0,Lipids FattyAcidSynthesis
3OAR121[ap],0,0,0,0,Lipids FattyAcidSynthesis
3OAR140[ap],0,0,0,0,Lipids FattyAcidSynthesis
3OAR141[ap],0,0,0,0,Lipids FattyAcidSynthesis
3OAR160[ap],0,0,0,0,Lipids FattyAcidSynthesis
3OAR161[ap],0,0,0,0,Lipids FattyAcidSynthesis
3OAR180[ap],0,0,0,0,Lipids FattyAcidSynthesis
3OAR181[ap],0,0,0,0,Lipids FattyAcidSynthesis
3OAR60[ap],0,0,0,0,Lipids FattyAcidSynthesis
3OAR80[ap],0,0,0,0,Lipids FattyAcidSynthesis
3OAS100[ap],0,0,0,0,Lipids FattyAcidSynthesis
3OAS120[ap],0,0,0,0,Lipids FattyAcidSynthesis
3OAS121[ap],0,0,0,0,Lipids FattyAcidSynthesis
3OAS140[ap],0,0,0,0,Lipids FattyAcidSynthesis
3OAS141[ap],0,0,0,0,Lipids FattyAcidSynthesis
3OAS160[ap],0,0,0,0,Lipids FattyAcidSynthesis
3OAS161[ap],0,0,0,0,Lipids FattyAcidSynthesis
3OAS180[ap],0,0,0,0,Lipids FattyAcidSynthesis
3OAS181[ap],0,0,0,0,Lipids FattyAcidSynthesis
3OAS80[ap],0,0,0,0,Lipids FattyAcidSynthesis
AGPAT120[ap],0,0,0,0,Lipids FattyAcidSynthesis ; Lipids PhosphatidyletanolaminePhosphatidylserineMetabolism ; Lipids UtilizationPhospholipids
AGPAT140[ap],0,0,0,0,Lipids FattyAcidSynthesis ; Lipids PhosphatidyletanolaminePhosphatidylserineMetabolism ; Lipids UtilizationPhospholipids
AGPAT141[ap],0,0,0,0,Lipids FattyAcidSynthesis ; Lipids PhosphatidyletanolaminePhosphatidylserineMetabolism ; Lipids UtilizationPhospholipids
AGPAT160[ap],0,0,0,0,Lipids FattyAcidSynthesis ; Lipids PhosphatidyletanolaminePhosphatidylserineMetabolism ; Lipids UtilizationPhospholipids
AGPAT161[ap],0,0,0,0,Lipids FattyAcidSynthesis ; Lipids PhosphatidyletanolaminePhosphatidylserineMetabolism ; Lipids UtilizationPhospholipids
AGPAT180[ap],0,0,0,0,Lipids FattyAcidSynthesis ; Lipids PhosphatidyletanolaminePhosphatidylserineMetabolism ; Lipids UtilizationPhospholipids
AGPAT181[ap],0,0,0,0,Lipids FattyAcidSynthesis ; Lipids PhosphatidyletanolaminePhosphatidylserineMetabolism ; Lipids UtilizationPhospholipids
EAR100x[ap],0,0,0,0,Lipids FattyAcidSynthesis
EAR120x[ap],0,0,0,0,Lipids FattyAcidSynthesis
EAR121x[ap],0,0,0,0,Lipids FattyAcidSynthesis
EAR140x[ap],0,0,0,0,Lipids FattyAcidSynthesis
EAR141x[ap],0,0,0,0,Lipids FattyAcidSynthesis
EAR160x[ap],0,0,0,0,Lipids FattyAcidSynthesis
EAR161x[ap],0,0,0,0,Lipids FattyAcidSynthesis
EAR180x[ap],0,0,0,0,Lipids FattyAcidSynthesis
EAR181x[ap],0,0,0,0,Lipids FattyAcidSynthesis
EAR40x[ap],0,0,0,0,Lipids FattyAcidSynthesis
EAR60x[ap],0,0,0,0,Lipids FattyAcidSynthesis
EAR80x[ap],0,0,0,0,Lipids FattyAcidSynthesis
FAS100[ap],0,0,0,0,Lipids FattyAcidSynthesis
FAS120[ap],0,0,0,0,Lipids FattyAcidSynthesis
FAS140[ap],0,0,0,0,Lipids FattyAcidSynthesis
FAS160[ap],0,0,0,0,Lipids FattyAcidSynthesis
FAS180[ap],0,0,0,0,Lipids FattyAcidSynthesis
FAS240_L[ap],0,0,0,0,Lipids FattyAcidSynthesis
FAS260[ap],0,0,0,0,Lipids FattyAcidSynthesis
FAS80_L[ap],0,0,0,0,Lipids FattyAcidSynthesis
G3PAT120[ap],0,0,0,0,Lipids FattyAcidSynthesis ; Lipids PhosphatidyletanolaminePhosphatidylserineMetabolism ; Lipids UtilizationPhospholipids
G3PAT140[ap],0,0,0,0,Lipids FattyAcidSynthesis ; Lipids PhosphatidyletanolaminePhosphatidylserineMetabolism ; Lipids UtilizationPhospholipids
G3PAT141[ap],0,0,0,0,Lipids FattyAcidSynthesis ; Lipids PhosphatidyletanolaminePhosphatidylserineMetabolism ; Lipids UtilizationPhospholipids
G3PAT160[ap],0,0,0,0,Lipids FattyAcidSynthesis ; Lipids PhosphatidyletanolaminePhosphatidylserineMetabolism ; Lipids UtilizationPhospholipids
G3PAT161[ap],0,0,0,0,Lipids FattyAcidSynthesis ; Lipids PhosphatidyletanolaminePhosphatidylserineMetabolism ; Lipids UtilizationPhospholipids
G3PAT180[ap],0,0,0,0,Lipids FattyAcidSynthesis ; Lipids PhosphatidyletanolaminePhosphatidylserineMetabolism ; Lipids UtilizationPhospholipids
G3PAT181[ap],0,0,0,0,Lipids FattyAcidSynthesis ; Lipids PhosphatidyletanolaminePhosphatidylserineMetabolism ; Lipids UtilizationPhospholipids
MCOATA[ap],0,0,0,0,Lipids FattyAcidSynthesis
3HAD100[ap],0,0,0,0,Lipids FattyAcidSynthesis
3HAD120[ap],0,0,0,0,Lipids FattyAcidSynthesis
3HAD121[ap],0,0,0,0,Lipids FattyAcidSynthesis
3HAD140[ap],0,0,0,0,Lipids FattyAcidSynthesis
3HAD141[ap],0,0,0,0,Lipids FattyAcidSynthesis
3HAD160[ap],0,0,0,0,Lipids FattyAcidSynthesis
3HAD161[ap],0,0,0,0,Lipids FattyAcidSynthesis
3HAD180[ap],0,0,0,0,Lipids FattyAcidSynthesis
3HAD181[ap],0,0,0,0,Lipids FattyAcidSynthesis
3HAD40[ap],0,0,0,0,Lipids FattyAcidSynthesis
3HAD60[ap],0,0,0,0,Lipids FattyAcidSynthesis
3HAD80[ap],0,0,0,0,Lipids FattyAcidSynthesis
KAS15[ap],0,0,0,0,Lipids FattyAcidSynthesis
KAT1,1000,0,0,0,Lipids FattyAcidSynthesis
KAT2,0,0,0,0,Lipids FattyAcidSynthesis
KAT3,0,0,0,0,Lipids FattyAcidSynthesis
KAT4,0,0,0,0,Lipids FattyAcidSynthesis
KAT5,0,0,0,0,Lipids FattyAcidSynthesis
KAT6,0,0,0,0,Lipids FattyAcidSynthesis
KAT7,0,0,0,0,Lipids FattyAcidSynthesis
KAT8,0,0,0,0,Lipids FattyAcidSynthesis
T2DECAI[ap],0,0,0,0,Lipids FattyAcidSynthesis
ACGPID,0,0,0,0,Lipids GPIAnchorBiosynthesis
GPIAT,0,0,0,0,Lipids GPIAnchorBiosynthesis
MI1345PP,0,0,0,0,Lipids InositolPhosphateMetabolism
MI134PP,0,0,0,0,Lipids InositolPhosphateMetabolism
MI1456PK,0,0,0,0,Lipids InositolPhosphateMetabolism
MI145P6K,0,0,0,0,Lipids InositolPhosphateMetabolism
MI145PP,0,0,0,0,Lipids InositolPhosphateMetabolism
MI14PP,0,18.4767317783467,6.33452009929689,0,Lipids InositolPhosphateMetabolism
MI1PP,0,0,0,0,Lipids InositolPhosphateMetabolism
MI1PS,0,0,0,0,Lipids InositolPhosphateMetabolism
PI45BPP,0,0,0,0,Lipids InositolPhosphateMetabolism
PI4P5K,0,0,0,0,Lipids InositolPhosphateMetabolism
PIN3K,0,0,0,0,Lipids InositolPhosphateMetabolism
PIN4K,0,0,0,0,Lipids InositolPhosphateMetabolism
CDPMEK[ap],0.053282434696034,0.0426289292246928,0.0529836287121136,0.0530430341452649,Lipids IsoprenoidsMetabolism
DMPPS[ap],0.00666030433700425,0.0053286161530866,0.00662295358901419,0.00663037926815811,Lipids IsoprenoidsMetabolism
DXPRIi[ap],0.053282434696034,0.0426289292246928,0.0529836287121136,0.0530430341452649,Lipids IsoprenoidsMetabolism
DXPS[ap],0.053282434696034,13.1681574809822,0.0529836287121136,0.0530430341452649,Lipids IsoprenoidsMetabolism
IPDPS[ap],0.0466221303590297,0.0373003130716062,0.0463606751230994,0.0464126548771068,Lipids IsoprenoidsMetabolism
MECDPDH2[ap],0.053282434696034,0.0426289292246928,0.0529836287121136,0.0530430341452649,Lipids IsoprenoidsMetabolism
MECDPS[ap],0.053282434696034,0.0426289292246928,0.0529836287121136,0.0530430341452649,Lipids IsoprenoidsMetabolism
MEPCT[ap],0.053282434696034,0.0426289292246928,0.0529836287121136,0.0530430341452649,Lipids IsoprenoidsMetabolism
CHLPCTD,41.8135698287262,33.4531955799159,41.5790808278918,41.6256994413514,Lipids PhosphatidylcholineMetabolism
CHOLK,0,0,0,0,Lipids PhosphatidylcholineMetabolism
DAGCPT,8.17062807427771,0,16.4996352491634,0,Lipids PhosphatidylcholineMetabolism
DAGK120,2.26488885310521,0.0129110835475482,0.841481397707334,0.619417262977271,Lipids PhosphatidyletanolaminePhosphatidylserineMetabolism ; Lipids UtilizationPhospholipids
DAGK140,2.26488885310521,0.0129110835475482,0.841481397707334,0.0247644138151081,Lipids PhosphatidyletanolaminePhosphatidylserineMetabolism ; Lipids UtilizationPhospholipids
DAGK141,0.0248761837091647,0.0129110835475482,0.841481397707334,0.0247644138151081,Lipids PhosphatidyletanolaminePhosphatidylserineMetabolism ; Lipids UtilizationPhospholipids
DAGK160,0.0248761837091647,0.0129110835475482,0,2.06357418237109,Lipids PhosphatidyletanolaminePhosphatidylserineMetabolism ; Lipids UtilizationPhospholipids
DAGK161,0.0248761837091647,1.9586581733998,0.841481397707334,2.44585101397534,Lipids PhosphatidyletanolaminePhosphatidylserineMetabolism ; Lipids UtilizationPhospholipids
DAGK180,0.0248761837091647,0.183590652832833,0.841481397707334,0.0247644138151081,Lipids PhosphatidyletanolaminePhosphatidylserineMetabolism ; Lipids UtilizationPhospholipids
DAGK181,0.622212895548111,1.9586581733998,0.841481397707334,0.0247644138151081,Lipids PhosphatidyletanolaminePhosphatidylserineMetabolism ; Lipids UtilizationPhospholipids
DASYN120,2.26488885310521,0.0129110835475482,0.841481397707334,0.619417262977271,Lipids PhosphatidyletanolaminePhosphatidylserineMetabolism
DASYN140,2.26488885310521,0.0129110835475482,0.841481397707334,0.0247644138151081,Lipids PhosphatidyletanolaminePhosphatidylserineMetabolism
DASYN141,0.0248761837091647,0.0129110835475482,0.841481397707334,0.0247644138151081,Lipids PhosphatidyletanolaminePhosphatidylserineMetabolism
DASYN160,0.0248761837091647,0.0129110835475482,0,2.06357418237109,Lipids PhosphatidyletanolaminePhosphatidylserineMetabolism
DASYN161,0.0248761837091647,1.9586581733998,0.841481397707334,2.44585101397534,Lipids PhosphatidyletanolaminePhosphatidylserineMetabolism
DASYN180,0.0248761837091647,0.183590652832833,0.841481397707334,0.0247644138151081,Lipids PhosphatidyletanolaminePhosphatidylserineMetabolism
DASYN181,0.622212895548111,1.9586581733998,0.841481397707334,0.0247644138151081,Lipids PhosphatidyletanolaminePhosphatidylserineMetabolism
DGAT,0,0,0,0,Lipids PhosphatidyletanolaminePhosphatidylserineMetabolism
ETHAK,0,0,0,0,Lipids PhosphatidyletanolaminePhosphatidylserineMetabolism
PETHCT,0,0,0,0,Lipids PhosphatidyletanolaminePhosphatidylserineMetabolism
PSD120,0,0,0,0,Lipids PhosphatidyletanolaminePhosphatidylserineMetabolism
PSD140,0,0,0,0,Lipids PhosphatidyletanolaminePhosphatidylserineMetabolism
PSD141,0,0,0,0,Lipids PhosphatidyletanolaminePhosphatidylserineMetabolism
PSD160,0,0,0,0,Lipids PhosphatidyletanolaminePhosphatidylserineMetabolism
PSD161,0,0,0,0,Lipids PhosphatidyletanolaminePhosphatidylserineMetabolism
PSD180,0,0,0,0,Lipids PhosphatidyletanolaminePhosphatidylserineMetabolism
PSD181,0,0,0,0,Lipids PhosphatidyletanolaminePhosphatidylserineMetabolism
PSSA120,0,0,0,0,Lipids PhosphatidyletanolaminePhosphatidylserineMetabolism
PSSA140,0,0,0,0,Lipids PhosphatidyletanolaminePhosphatidylserineMetabolism
PSSA141,0,0,0,0,Lipids PhosphatidyletanolaminePhosphatidylserineMetabolism
PSSA160,0,0,0,0,Lipids PhosphatidyletanolaminePhosphatidylserineMetabolism
PSSA161,0,0,0,0,Lipids PhosphatidyletanolaminePhosphatidylserineMetabolism
PSSA180,0,0,0,0,Lipids PhosphatidyletanolaminePhosphatidylserineMetabolism
PSSA181,0,0,0,0,Lipids PhosphatidyletanolaminePhosphatidylserineMetabolism
PINOS,2.48761837091647,1.29110835475482,0,2.47644138151081,Lipids InositolPhosphateMetabolism
LPLIPAL1A120pp,0,0,0,0,Lipids PhosphatidylcholineMetabolism ; Lipids PhosphatidyletanolaminePhosphatidylserineMetabolism ; Lipids UtilizationPhospholipids
LPLIPAL1A140pp,0,0,0,0,Lipids PhosphatidylcholineMetabolism ; Lipids PhosphatidyletanolaminePhosphatidylserineMetabolism ; Lipids UtilizationPhospholipids
LPLIPAL1A141pp,0,0,0,0,Lipids PhosphatidylcholineMetabolism ; Lipids PhosphatidyletanolaminePhosphatidylserineMetabolism ; Lipids UtilizationPhospholipids
LPLIPAL1A160pp,0,0,0,0,Lipids PhosphatidylcholineMetabolism ; Lipids PhosphatidyletanolaminePhosphatidylserineMetabolism ; Lipids UtilizationPhospholipids
LPLIPAL1A161pp,0,0,0,0,Lipids PhosphatidylcholineMetabolism ; Lipids PhosphatidyletanolaminePhosphatidylserineMetabolism ; Lipids UtilizationPhospholipids
LPLIPAL1A180pp,0,0,0,0,Lipids PhosphatidylcholineMetabolism ; Lipids PhosphatidyletanolaminePhosphatidylserineMetabolism ; Lipids UtilizationPhospholipids
LPLIPAL1A181pp,0,0,0,0,Lipids PhosphatidylcholineMetabolism ; Lipids PhosphatidyletanolaminePhosphatidylserineMetabolism ; Lipids UtilizationPhospholipids
LPLIPAL1E120pp,0,0,0,0,Lipids PhosphatidylcholineMetabolism ; Lipids PhosphatidyletanolaminePhosphatidylserineMetabolism ; Lipids UtilizationPhospholipids
LPLIPAL1E140pp,0,0,0,0,Lipids PhosphatidylcholineMetabolism ; Lipids PhosphatidyletanolaminePhosphatidylserineMetabolism ; Lipids UtilizationPhospholipids
LPLIPAL1E141pp,0,0,0,0,Lipids PhosphatidylcholineMetabolism ; Lipids PhosphatidyletanolaminePhosphatidylserineMetabolism ; Lipids UtilizationPhospholipids
LPLIPAL1E160pp,0,0,0,0,Lipids PhosphatidylcholineMetabolism ; Lipids PhosphatidyletanolaminePhosphatidylserineMetabolism ; Lipids UtilizationPhospholipids
LPLIPAL1E161pp,0,0,0,0,Lipids PhosphatidylcholineMetabolism ; Lipids PhosphatidyletanolaminePhosphatidylserineMetabolism ; Lipids UtilizationPhospholipids
LPLIPAL1E180pp,0,0,0,0,Lipids PhosphatidylcholineMetabolism ; Lipids PhosphatidyletanolaminePhosphatidylserineMetabolism ; Lipids UtilizationPhospholipids
LPLIPAL1E181pp,0,0,0,0,Lipids PhosphatidylcholineMetabolism ; Lipids PhosphatidyletanolaminePhosphatidylserineMetabolism ; Lipids UtilizationPhospholipids
LPLIPAL1G120pp,0,0,0,0,Lipids PhosphatidylcholineMetabolism ; Lipids PhosphatidyletanolaminePhosphatidylserineMetabolism ; Lipids UtilizationPhospholipids
LPLIPAL1G140pp,0,0,0,0,Lipids PhosphatidylcholineMetabolism ; Lipids PhosphatidyletanolaminePhosphatidylserineMetabolism ; Lipids UtilizationPhospholipids
LPLIPAL1G141pp,0,0,0,0,Lipids PhosphatidylcholineMetabolism ; Lipids PhosphatidyletanolaminePhosphatidylserineMetabolism ; Lipids UtilizationPhospholipids
LPLIPAL1G160pp,0,0,0,0,Lipids PhosphatidylcholineMetabolism ; Lipids PhosphatidyletanolaminePhosphatidylserineMetabolism ; Lipids UtilizationPhospholipids
LPLIPAL1G161pp,0,0,0,0,Lipids PhosphatidylcholineMetabolism ; Lipids PhosphatidyletanolaminePhosphatidylserineMetabolism ; Lipids UtilizationPhospholipids
LPLIPAL1G180pp,0,0,0,0,Lipids PhosphatidylcholineMetabolism ; Lipids PhosphatidyletanolaminePhosphatidylserineMetabolism ; Lipids UtilizationPhospholipids
LPLIPAL1G181pp,0,0,0,0,Lipids PhosphatidylcholineMetabolism ; Lipids PhosphatidyletanolaminePhosphatidylserineMetabolism ; Lipids UtilizationPhospholipids
LPLIPAL2A120,0,0,0,0,Lipids PhosphatidylcholineMetabolism ; Lipids PhosphatidyletanolaminePhosphatidylserineMetabolism ; Lipids UtilizationPhospholipids
LPLIPAL2A140,0,0,0,0,Lipids PhosphatidylcholineMetabolism ; Lipids PhosphatidyletanolaminePhosphatidylserineMetabolism ; Lipids UtilizationPhospholipids
LPLIPAL2A141,0,0,0,0,Lipids PhosphatidylcholineMetabolism ; Lipids PhosphatidyletanolaminePhosphatidylserineMetabolism ; Lipids UtilizationPhospholipids
LPLIPAL2A160,0,0,0,0,Lipids PhosphatidylcholineMetabolism ; Lipids PhosphatidyletanolaminePhosphatidylserineMetabolism ; Lipids UtilizationPhospholipids
LPLIPAL2A161,0,0,0,0,Lipids PhosphatidylcholineMetabolism ; Lipids PhosphatidyletanolaminePhosphatidylserineMetabolism ; Lipids UtilizationPhospholipids
LPLIPAL2A180,0,0,0,0,Lipids PhosphatidylcholineMetabolism ; Lipids PhosphatidyletanolaminePhosphatidylserineMetabolism ; Lipids UtilizationPhospholipids
LPLIPAL2A181,0,0,0,0,Lipids PhosphatidylcholineMetabolism ; Lipids PhosphatidyletanolaminePhosphatidylserineMetabolism ; Lipids UtilizationPhospholipids
LPLIPAL2E120,0,0,0,0,Lipids PhosphatidylcholineMetabolism ; Lipids PhosphatidyletanolaminePhosphatidylserineMetabolism ; Lipids UtilizationPhospholipids
LPLIPAL2E140,0,0,0,0,Lipids PhosphatidylcholineMetabolism ; Lipids PhosphatidyletanolaminePhosphatidylserineMetabolism ; Lipids UtilizationPhospholipids
LPLIPAL2E141,0,0,0,0,Lipids PhosphatidylcholineMetabolism ; Lipids PhosphatidyletanolaminePhosphatidylserineMetabolism ; Lipids UtilizationPhospholipids
LPLIPAL2E160,0,0,0,0,Lipids PhosphatidylcholineMetabolism ; Lipids PhosphatidyletanolaminePhosphatidylserineMetabolism ; Lipids UtilizationPhospholipids
LPLIPAL2E161,0,0,0,0,Lipids PhosphatidylcholineMetabolism ; Lipids PhosphatidyletanolaminePhosphatidylserineMetabolism ; Lipids UtilizationPhospholipids
LPLIPAL2E180,0,0,0,0,Lipids PhosphatidylcholineMetabolism ; Lipids PhosphatidyletanolaminePhosphatidylserineMetabolism ; Lipids UtilizationPhospholipids
LPLIPAL2E181,0,0,0,0,Lipids PhosphatidylcholineMetabolism ; Lipids PhosphatidyletanolaminePhosphatidylserineMetabolism ; Lipids UtilizationPhospholipids
LPLIPAL2G120,0,0,0,0,Lipids PhosphatidylcholineMetabolism ; Lipids PhosphatidyletanolaminePhosphatidylserineMetabolism ; Lipids UtilizationPhospholipids
LPLIPAL2G140,0,0,0,0,Lipids PhosphatidylcholineMetabolism ; Lipids PhosphatidyletanolaminePhosphatidylserineMetabolism ; Lipids UtilizationPhospholipids
LPLIPAL2G141,0,0,0,0,Lipids PhosphatidylcholineMetabolism ; Lipids PhosphatidyletanolaminePhosphatidylserineMetabolism ; Lipids UtilizationPhospholipids
LPLIPAL2G160,0,0,0,0,Lipids PhosphatidylcholineMetabolism ; Lipids PhosphatidyletanolaminePhosphatidylserineMetabolism ; Lipids UtilizationPhospholipids
LPLIPAL2G161,0,0,5.55748310894397,0,Lipids PhosphatidylcholineMetabolism ; Lipids PhosphatidyletanolaminePhosphatidylserineMetabolism ; Lipids UtilizationPhospholipids
LPLIPAL2G180,0,0,0,0,Lipids PhosphatidylcholineMetabolism ; Lipids PhosphatidyletanolaminePhosphatidylserineMetabolism ; Lipids UtilizationPhospholipids
LPLIPAL2G181,0,0,0,0,Lipids PhosphatidylcholineMetabolism ; Lipids PhosphatidyletanolaminePhosphatidylserineMetabolism ; Lipids UtilizationPhospholipids
PIPLC,0,5.54292912839078,0,6.90574738269156,Lipids PhosphatidylcholineMetabolism ; Lipids PhosphatidyletanolaminePhosphatidylserineMetabolism ; Lipids UtilizationPhospholipids
PLIPA2A120pp,0,0,0,0,Lipids PhosphatidylcholineMetabolism ; Lipids PhosphatidyletanolaminePhosphatidylserineMetabolism ; Lipids UtilizationPhospholipids
PLIPA2A140pp,0,0,0,0,Lipids PhosphatidylcholineMetabolism ; Lipids PhosphatidyletanolaminePhosphatidylserineMetabolism ; Lipids UtilizationPhospholipids
PLIPA2A141pp,0,0,0,0,Lipids PhosphatidylcholineMetabolism ; Lipids PhosphatidyletanolaminePhosphatidylserineMetabolism ; Lipids UtilizationPhospholipids
PLIPA2A160pp,0,0,0,0,Lipids PhosphatidylcholineMetabolism ; Lipids PhosphatidyletanolaminePhosphatidylserineMetabolism ; Lipids UtilizationPhospholipids
PLIPA2A161pp,0,0,0,0,Lipids PhosphatidylcholineMetabolism ; Lipids PhosphatidyletanolaminePhosphatidylserineMetabolism ; Lipids UtilizationPhospholipids
PLIPA2A180pp,0,0,0,0,Lipids PhosphatidylcholineMetabolism ; Lipids PhosphatidyletanolaminePhosphatidylserineMetabolism ; Lipids UtilizationPhospholipids
PLIPA2A181pp,0,0,0,0,Lipids PhosphatidylcholineMetabolism ; Lipids PhosphatidyletanolaminePhosphatidylserineMetabolism ; Lipids UtilizationPhospholipids
PLIPA2E120pp,0,0,0,0,Lipids PhosphatidylcholineMetabolism ; Lipids PhosphatidyletanolaminePhosphatidylserineMetabolism ; Lipids UtilizationPhospholipids
PLIPA2E140pp,0,0,0,0,Lipids PhosphatidylcholineMetabolism ; Lipids PhosphatidyletanolaminePhosphatidylserineMetabolism ; Lipids UtilizationPhospholipids
PLIPA2E141pp,0,0,0,0,Lipids PhosphatidylcholineMetabolism ; Lipids PhosphatidyletanolaminePhosphatidylserineMetabolism ; Lipids UtilizationPhospholipids
PLIPA2E160pp,0,0,0,0,Lipids PhosphatidylcholineMetabolism ; Lipids PhosphatidyletanolaminePhosphatidylserineMetabolism ; Lipids UtilizationPhospholipids
PLIPA2E161pp,0,0,0,0,Lipids PhosphatidylcholineMetabolism ; Lipids PhosphatidyletanolaminePhosphatidylserineMetabolism ; Lipids UtilizationPhospholipids
PLIPA2E180pp,0,0,0,0,Lipids PhosphatidylcholineMetabolism ; Lipids PhosphatidyletanolaminePhosphatidylserineMetabolism ; Lipids UtilizationPhospholipids
PLIPA2E181pp,0,0,0,0,Lipids PhosphatidylcholineMetabolism ; Lipids PhosphatidyletanolaminePhosphatidylserineMetabolism ; Lipids UtilizationPhospholipids
PLIPA2G120pp,0,0,0,0,Lipids PhosphatidylcholineMetabolism ; Lipids PhosphatidyletanolaminePhosphatidylserineMetabolism ; Lipids UtilizationPhospholipids
PLIPA2G140pp,0,0,0,0,Lipids PhosphatidylcholineMetabolism ; Lipids PhosphatidyletanolaminePhosphatidylserineMetabolism ; Lipids UtilizationPhospholipids
PLIPA2G141pp,0,0,0,0,Lipids PhosphatidylcholineMetabolism ; Lipids PhosphatidyletanolaminePhosphatidylserineMetabolism ; Lipids UtilizationPhospholipids
PLIPA2G160pp,0,0,0,0,Lipids PhosphatidylcholineMetabolism ; Lipids PhosphatidyletanolaminePhosphatidylserineMetabolism ; Lipids UtilizationPhospholipids
PLIPA2G161pp,0,0,0,0,Lipids PhosphatidylcholineMetabolism ; Lipids PhosphatidyletanolaminePhosphatidylserineMetabolism ; Lipids UtilizationPhospholipids
PLIPA2G180pp,0,0,0,0,Lipids PhosphatidylcholineMetabolism ; Lipids PhosphatidyletanolaminePhosphatidylserineMetabolism ; Lipids UtilizationPhospholipids
PLIPA2G181pp,0,0,0,0,Lipids PhosphatidylcholineMetabolism ; Lipids PhosphatidyletanolaminePhosphatidylserineMetabolism ; Lipids UtilizationPhospholipids
CLPNH120pp,0,0,0,0,Lipids PhosphatidylethanolaminePhosphatidylserineMetabolism
CLPNH140pp,0,0,0,0,Lipids PhosphatidylethanolaminePhosphatidylserineMetabolism
CLPNH141pp,0,0,0,0,Lipids PhosphatidylethanolaminePhosphatidylserineMetabolism
CLPNH160pp,0,0,0,0,Lipids PhosphatidylethanolaminePhosphatidylserineMetabolism
CLPNH161pp,0,0,0,0,Lipids PhosphatidylethanolaminePhosphatidylserineMetabolism
CLPNH180pp,0,0,0,0,Lipids PhosphatidylethanolaminePhosphatidylserineMetabolism
CLPNH181pp,0,0,0,0,Lipids PhosphatidylethanolaminePhosphatidylserineMetabolism
ETHAPT,0,0,0,0,Lipids PhosphatidyletanolaminePhosphatidylserineMetabolism
LPS,0,0,0,0,Lipids PhosphatidylethanolaminePhosphatidylserineMetabolism
PGSA120,2.24001266939605,0,0.841481397707334,0.594652849162163,Lipids PhosphatidyletanolaminePhosphatidylserineMetabolism
PGSA140,2.24001266939605,0,0.841481397707334,0,Lipids PhosphatidyletanolaminePhosphatidylserineMetabolism
PGSA141,0,0,0.841481397707334,0,Lipids PhosphatidyletanolaminePhosphatidylserineMetabolism
PGSA160,0,0,0,2.03880976855599,Lipids PhosphatidyletanolaminePhosphatidylserineMetabolism
PGSA161,0,1.94574708985225,0.841481397707334,2.42108660016023,Lipids PhosphatidyletanolaminePhosphatidylserineMetabolism
PGSA180,0,0.170679569285285,0.841481397707334,0,Lipids PhosphatidyletanolaminePhosphatidylserineMetabolism
PGSA181,0.597336711838946,1.94574708985225,0.841481397707334,0,Lipids PhosphatidyletanolaminePhosphatidylserineMetabolism
PGPP120,2.24001266939605,0,0.841481397707334,0.594652849162163,Lipids PhosphatidylethanolaminePhosphatidylserineMetabolism
PGPP140,2.24001266939605,0,0.841481397707334,0,Lipids PhosphatidylethanolaminePhosphatidylserineMetabolism
PGPP141,0,0,0.841481397707334,0,Lipids PhosphatidylethanolaminePhosphatidylserineMetabolism
PGPP160,0,0,0,2.03880976855599,Lipids PhosphatidylethanolaminePhosphatidylserineMetabolism
PGPP161,0,1.94574708985225,0.841481397707334,2.42108660016023,Lipids PhosphatidylethanolaminePhosphatidylserineMetabolism
PGPP180,0,0.170679569285285,0.841481397707334,0,Lipids PhosphatidylethanolaminePhosphatidylserineMetabolism
PGPP181,0.597336711838946,1.94574708985225,0.841481397707334,0,Lipids PhosphatidylethanolaminePhosphatidylserineMetabolism
3DSPHR,0,0,0,0,Lipids SphingomyelinCeramideMetabolism
SERPT,0,0,0,0,Lipids SphingomyelinCeramideMetabolism
UGCG,0,0,0,0,Lipids SphingomyelinCeramideMetabolism
DMATT,0.00666030433700425,0.0053286161530866,0.00662295358901419,0.00663037926815811,Lipids TerpenoidMetabolism
GRTT,0.00666030433700425,0.0053286161530866,0.00662295358901419,0.00663037926815811,Lipids TerpenoidMetabolism
HEXTT_mt,0,0,0,0,Lipids TerpenoidMetabolism
PPTT_mt,0,0,0,0,Lipids TerpenoidMetabolism
DESAT14,0,0,0,0,Lipids UtilizationPhospholipids
DESAT16,0,0,0,0,Lipids UtilizationPhospholipids
DESAT18,0,0,0,0,Lipids UtilizationPhospholipids
DESAT18_2,0,0,0,0,Lipids UtilizationPhospholipids
LCAT1e,0,0,0,0,Lipids UtilizationPhospholipids
LPLIPAL2ATE120,0,0,0,0,Lipids PhosphatidylcholineMetabolism ; Lipids PhosphatidyletanolaminePhosphatidylserineMetabolism ; Lipids UtilizationPhospholipids
LPLIPAL2ATE140,0,0,0,0,Lipids PhosphatidylcholineMetabolism ; Lipids PhosphatidyletanolaminePhosphatidylserineMetabolism ; Lipids UtilizationPhospholipids
LPLIPAL2ATE141,0,0,0,0,Lipids PhosphatidylcholineMetabolism ; Lipids PhosphatidyletanolaminePhosphatidylserineMetabolism ; Lipids UtilizationPhospholipids
LPLIPAL2ATE160,0,0,0,0,Lipids PhosphatidylcholineMetabolism ; Lipids PhosphatidyletanolaminePhosphatidylserineMetabolism ; Lipids UtilizationPhospholipids
LPLIPAL2ATE161,0,0,0,0,Lipids PhosphatidylcholineMetabolism ; Lipids PhosphatidyletanolaminePhosphatidylserineMetabolism ; Lipids UtilizationPhospholipids
LPLIPAL2ATE180,0,0,0,0,Lipids PhosphatidylcholineMetabolism ; Lipids PhosphatidyletanolaminePhosphatidylserineMetabolism ; Lipids UtilizationPhospholipids
LPLIPAL2ATE181,0,0,0,0,Lipids PhosphatidylcholineMetabolism ; Lipids PhosphatidyletanolaminePhosphatidylserineMetabolism ; Lipids UtilizationPhospholipids
LPLIPAL2ATG120,0,0,0.593986868969883,0.594652849162163,Lipids PhosphatidylcholineMetabolism ; Lipids PhosphatidyletanolaminePhosphatidylserineMetabolism ; Lipids UtilizationPhospholipids
LPLIPAL2ATG140,0,0,0,0,Lipids PhosphatidylcholineMetabolism ; Lipids PhosphatidyletanolaminePhosphatidylserineMetabolism ; Lipids UtilizationPhospholipids
LPLIPAL2ATG141,0,0,0,0,Lipids PhosphatidylcholineMetabolism ; Lipids PhosphatidyletanolaminePhosphatidylserineMetabolism ; Lipids UtilizationPhospholipids
LPLIPAL2ATG160,0,0,0,0,Lipids PhosphatidylcholineMetabolism ; Lipids PhosphatidyletanolaminePhosphatidylserineMetabolism ; Lipids UtilizationPhospholipids
LPLIPAL2ATG161,0,0.307223224713513,0,0,Lipids PhosphatidylcholineMetabolism ; Lipids PhosphatidyletanolaminePhosphatidylserineMetabolism ; Lipids UtilizationPhospholipids
LPLIPAL2ATG180,0,0.170679569285285,0,0,Lipids PhosphatidylcholineMetabolism ; Lipids PhosphatidyletanolaminePhosphatidylserineMetabolism ; Lipids UtilizationPhospholipids
LPLIPAL2ATG181,0.597336711838946,0,0,0,Lipids UtilizationPhospholipids
ADA,0,0,0,0,Nucleotides PurineMetabolism ; AminoAcids MetPolyamineMetabolism
ADK1,51.747996150661,156.460729818387,-1000,40.6750576640384,Nucleotides PurineMetabolism
ADSL1r,6.87794396796244,5.50274003607967,6.83937270472313,6.84704103375043,Nucleotides PurineMetabolism
ADSL2r,0,0,0,0,Nucleotides PurineMetabolism
AMPDA,0,0,0,0,Nucleotides PurineMetabolism
DADA,0,0,0,0,Nucleotides PurineMetabolism ; AminoAcids MetPolyamineMetabolism
DGK1,0,0,0,0,Nucleotides PurineMetabolism
GK1,2.05961698242072,1.64780883370781,2.04806672420818,2.05036302391113,Nucleotides PurineMetabolism
GUACYC,0,0,0,0,Nucleotides PurineMetabolism ; Cofactors PorphyrinMetabolism
GUAPRT,2.05961698242069,1.64780883370785,2.04806672420816,2.05036302391114,Nucleotides PurineMetabolism
HXPRT,6.87794396796245,5.50274003607965,6.83937270472315,6.84704103375043,Nucleotides PurineMetabolism
IMPD,0,0,0,0,Nucleotides PurineMetabolism
NDP3,0,0,0,0,Nucleotides PurineMetabolism
NDP4,0,0,0,0,Nucleotides PurineMetabolism
NTD11,0,0,0,0,Nucleotides PurineMetabolism
NTD12,0,0,0,0,Nucleotides PurineMetabolism
PDE1,0,0,0,0,Nucleotides PurineMetabolism
PDE2,0,0,0,0,Nucleotides PurineMetabolism
PDE3,0,0,0,0,Nucleotides PurineMetabolism
PDE5,0,0,0,0,Nucleotides PurineMetabolism
PUNP1,15.6330484197147,0,-984.20217673616,-1000,Nucleotides PurineMetabolism ; AminoAcids MetPolyamineMetabolism
PUNP2,-5.35890281686045,1000,-7.87572476050275,1000,Nucleotides PurineMetabolism ; AminoAcids MetPolyamineMetabolism
PUNP3,1000,-1000,2.04806672420818,15.5628083786353,Nucleotides PurineMetabolism ; AminoAcids MetPolyamineMetabolism
PUNP4,2.05961698242072,1000,1000,-6.84704103375043,Nucleotides PurineMetabolism ; AminoAcids MetPolyamineMetabolism
PUNP5,-1000,1000,1000,1000,Nucleotides PurineMetabolism ; AminoAcids MetPolyamineMetabolism
PUNP6,1000,-1000,6.83937270472313,6.84704103375043,Nucleotides PurineMetabolism ; AminoAcids MetPolyamineMetabolism
PUNP7,0,0,0,0,Nucleotides PurineMetabolism ; AminoAcids MetPolyamineMetabolism
XPRT,0,0,0,0,Nucleotides PurineMetabolism
ADSS,6.87794396796245,5.50274003607965,6.83937270472315,6.84704103375043,Nucleotides PurineMetabolism ; AminoAcids AsnAspMetabolism
GMPS2,0,0,0,0,AminoAcids GluMetabolism
NDPK6,0,0.65018675123531,0.808119135233483,0,Nucleotides PyrimidineMetabolism ; Nucleotides PurineMetabolism ; Lipids DolicholMetabolism
ATPH1e,0,0,0,0,Nucleotides PurineMetabolism
ATPH2e,0,0,0,0,Nucleotides PurineMetabolism
ATPHs,0,0,0,0,Nucleotides PurineMetabolism
ATPM,0,0,0,0,Nucleotides PurineMetabolism
DATPHs,0,0,0,0,Nucleotides PurineMetabolism
CTPS2,0,0,1.49239200828683,0,Nucleotides PyrimidineMetabolism
DCTPD,0.812676596456886,0,0,0.809025201285122,Nucleotides PyrimidineMetabolism
DHORTS,-6.62745081785306,-5.95251825065202,-8.89079545474124,-6.59767336145421,Nucleotides PyrimidineMetabolism
DUTPDP,0.812676596456886,0.650186751235364,0.808119135233526,0.809025201285122,Nucleotides PyrimidineMetabolism
OMPDC,6.6274508178531,5.95251825065203,8.89079545474121,6.59767336145419,Nucleotides PyrimidineMetabolism
ORPT,-6.62745081785306,-5.95251825065202,-8.89079545474124,-6.59767336145421,Nucleotides PyrimidineMetabolism
UP4UH1,0,0,0,0,Nucleotides PyrimidineMetabolism ; Nucleotides PurineMetabolism
ASPCT,6.6274508178531,5.95251825065203,8.89079545474121,6.59767336145419,Nucleotides PyrimidineMetabolism ; AminoAcids AsnAspMetabolism
CBPS,0,0,0,0,Nucleotides PyrimidineMetabolism ; AminoAcids GluMetabolism
TMDS,0.812676596456886,0.650186751235364,0.808119135233526,0.809025201285122,Nucleotides PyrimidineMetabolism ; Cofactors FolateBiosynthesis
DURIPP,0,0,0,0,Nucleotides PyrimidineMetabolism
YUMPS,0,0,0,0,Nucleotides PyrimidineMetabolism
ACONTac,0,0,0,0,Others MitochondrialTCACycle
ACONTam_mt,0,0,0,0,Others MitochondrialTCACycle
ACONTbc,0,0,0,0,Others MitochondrialTCACycle
ACONTbm_mt,0,0,0,0,Others MitochondrialTCACycle
AKGDH_mt,0,0,0,0,Others MitochondrialTCACycle
CS_mt,0,0,0,0,Others MitochondrialTCACycle
SUCOAS1m_mt,0,0,0,0,Others MitochondrialTCACycle
ICDHyr_mt,0,0,0,0,Others MitochondrialTCACycle
ACCOAL2,0,0,0,0,Carbohydrates PyruvateMetabolism
ACCOALm,0,0,0,0,Others PropionateMetabolism
GTHS,0,2.07887715389477,0,0,Redox RedoxMetabolism
TRDR,1000,1.61339983253994,2.00529966964232,2.00754801877146,Redox RedoxMetabolism ; Redox MitochondrialAntioxidantSystem ; Nucleotides PyrimidineMetabolism ; Nucleotides PurineMetabolism
DSBAO1,0,0,0,0,Redox RedoxMetabolism
DSBCGT,0,0,0,0,Redox RedoxMetabolism
DSBGGT,0,0,0,0,Redox RedoxMetabolism
ABUTt2r,0,0,0,0,Transport
ACALDt,-996.70071416556,-1000,-998.96364794422,-1000,Transport
ACt2r,0,3.58427095499098,0,0,Transport
AKGMAL,1000,-404.034658470737,-686.533484822864,-1000,Transport
AKGt2r,658.403257291952,-416.203540007352,-1000,-1000,Transport
CHOLtu,0,-3.10636816099213,0,-4.45989636871627,Transport
CITt2r,0,0,0,0,Transport
CO2t,5.44282862487387,-22.6532434938733,0.953876979023221,9.85689679184918,Transport
D_LACt2,0,0,0,0,Transport
ETHAt2pp,0,0,0,0,Transport
FE2t,0.424467467432755,0.339597725415546,0.422087069089999,0.422560314614633,Transport
FORt,0,0,0,0,Transport
FUMt2r,335.316135451924,20.2451931219354,315.893545523747,119.826274976221,Transport
GAM6Pt,0,0,0,0,Transport
GAMt1r,0,0,0,0,Transport
GCHOLAt,0,0,0,0,Transport
GLCt1r,493.278379049525,26.3309863458112,0,192.444785601595,Transport
GLYCt,0.597336711838921,0,6.15146997791385,0.594652849162117,Transport
H2O2t,0,0,-343.633540885765,498.706630053072,Transport
H2Ot,769.812515602653,0,918.906480568997,-227.582650064067,Transport
MALt2r,-1000,1000,682.375576740075,810.55743823797,Transport
MALTt1r,0,0,0,0,Transport
MTHGXLt,0,0,0,0,Transport
NH4t,16.1684871553116,0,19.2425247792017,-43.8937342898241,Transport
NO2t2rpp,0,9.89504314560497,0,60.0345061346247,Transport
NO3t2rpp,0,0,0,0,Transport
NOt,0,0,0,0,Transport
O2t,171.150098143372,3.19561073206239,-182.214320887894,35.0700731066393,Transport
OCTAt,0,0,0,0,Transport
ORNtiDF,0,616.66322139095,0,0,Transport
OXAHCOtex,0,0,0,0,Transport
PPAt,0,0,0,0,Transport
PTRCt2,1.43062142485428,1.14457719162712,1.42259855118287,1.42419357374338,Transport
SBT_Dt,-493.278379049526,0,0,-192.444785601595,Transport
SO4HCOtex,0,0,0,0,Transport
SO4OXAtex2,0,0,0,0,Transport
SO4ti,0.117914266917008,0.0943380115353627,0.117253007934655,0.117384472424611,Transport
SPMDt2,0.286422953326775,0.229154389722424,0.284816703671059,0.285136041173257,Transport
SUCCt2r,0,0.348475165965738,0,63.4302023939024,Transport
TTDCAt,0,0,0,0,Transport
UREAt,0,0,0,0,Transport
ALAGLNexR,-103.279159074927,-988.759470235779,1000,1000,Transport aa
ALAGLYexR,-1000,1000,-102.699973252771,-1000,Transport aa
ALAt2r,1000,-103.327469957847,-1000,-102.815120828428,Transport aa
AMETt2,0.00666030433700425,0.0053286161530866,0.00662295358901419,0.00663037926815811,Transport aa
ARGLYSex,986.471876552299,992.804105076055,986.547741783692,986.532659063885,Transport aa
ARGt2r,-1000,-1000,-1000,-1000,Transport aa
ASNt2r,-9.41641592542919,9.25868155357307,-9.36360900244119,-9.37410751419236,Transport aa
ASPt2r,-363.453830597276,-630.369910010456,-332.900518157405,-21.7588829384077,Transport aa
CYSGLUexR,-6.74850110250725,-1000,-1000,-1000,Transport aa
CYSGLYexR,-1000,-11.6175631485972,6.7106557502176,-1000,Transport aa
CYSt2r,-1000,1000,1000,-6.71817976133696,Transport aa
CYSTGLUex,0,0,0,0,Transport aa
CYSTSERex,0,0,0,0,Transport aa
GLNt2r,-1000,-1000,1000,-7.42010798448791,Transport aa
GLUt2r,317.435727121257,-8.81522128786253,287.948601691442,-24.0524589776262,Transport aa
GLYt2r,-1000,979.103183230781,-1000,-74.7421357311759,Transport aa
HISt2r,-53.3812043213366,-39.8496223982529,-53.0818444408977,-53.1413599938738,Transport aa
LEUt2r,903.821531752881,947.225285980561,904.360897155391,904.253666252775,Transport aa
LYSt2r,937.452454767646,967.363880173563,937.803219159355,937.733483907236,Transport aa
METLEUex,988.679722639762,996.37208572873,988.743206349435,988.730585192316,Transport aa
METt2r,-1000,-1000,-1000,-1000,Transport aa
PHEt2r,-38.9109614117228,-26.229034818207,-38.6927501348499,-38.7361325840601,Transport aa
PROt2r,-38.3422072615454,-637.173392385963,-184.743076325709,-38.1699338737304,Transport aa
SERGLNexR,-26.7320861547835,-22.0728515700331,5.91940584206282,-1000,Transport aa
SERGLYexR,-1000,1000,330.707347183959,1000,Transport aa
SERt2r,1000,-1000,-363.152846958273,-26.5670471188138,Transport aa
THRGLNexR,-855.786656310621,1000,1000,1000,Transport aa
THRGLYexR,74.9892048827714,-1000,-1000,-1000,Transport aa
THRt2r,739.62249427775,-27.4434165803124,-40.9440494662761,-40.9899560803121,Transport aa
TRPt2r,-8.2917503643788,-6.07053432314069,-8.24525052554475,-8.2544951297898,Transport aa
TYRt2r,-13.4295628902479,6.08915536079098,-13.3542503829285,-13.3692232160034,Transport aa
VALt2r,-86.1243953818019,-63.4458162390079,-85.6414128595426,-85.7374343165526,Transport aa
DPCOAtap,-0.0172032973009664,-0.0137636004672004,-0.0171068218263599,-0.0171260020558748,Transport AP
NADPtap,0.159847304088089,0.127886787674129,0.158950886136381,0.159129102435827,Transport AP
NADtap,-4.48002533879207,0,-4.45490151727415,0,Transport AP
NH4tap,0,0,0,0,Transport AP
O2tap,0,0,0,0,Transport AP
PA120tap,0,0,0,0,Transport AP
PA140tap,0,0,0,0,Transport AP
PA141tap,0,0,0,0,Transport AP
PA160tap,0,0,0,0,Transport AP
PA161tap,0,0,0,0,Transport AP
PA180tap,0,0,0,0,Transport AP
PA181tap,0,0,0,0,Transport AP
PHEMEtap,0,0,0,0,Transport AP
PItap,-4.58659020818413,-26.3363149619644,-4.56086877469841,-0.106086068290551,Transport AP
PMTCOAtap,0,0,0,0,Transport AP
PPItap,0.0532824346960297,0.0426289292247475,0.052983628712127,4.51293940286143,Transport AP
PPP9tap,0,0,0,0,Transport AP
PPPG9tap,0,0,0,0,Transport AP
ACCOAtap,4.48002533879207,0,4.45490151727415,0,Transport AP
ADPtap,-4.46282204149111,0.0563925296918342,0.0700904505384869,0.0171260020558748,Transport AP
ATPtap,4.46282204149111,-0.0563925296918342,-0.0700904505384869,-4.47702237077203,Transport AP
CMPtap,0.0532824346960297,0.0426289292247475,0.052983628712127,0.0530430341452757,Transport AP
CO2tap,4.5333077734881,13.1681574809821,4.50788514598628,0.0530430341452757,Transport AP
COA10tap,0,0,0,0,Transport AP
COA1tap,0,0,0,0,Transport AP
COA2tap,0,0,0,0,Transport AP
COA3tap,-1000,-1000,-1000,-1000,Transport AP
COA4tap,0,0,0,0,Transport AP
COA5tap,0,0,0,0,Transport AP
COA6tap,0,0,0,4.45989636871627,Transport AP
COA7tap,0,0,0,0,Transport AP
COA8tap,0,0,0,0,Transport AP
COA9tap,0,0,0,0,Transport AP
COAtap,-4.46282204149111,0.0137636004672004,-4.43779469544779,-4.4427703666604,Transport AP
CPPPG3tap,0,0,0,0,Transport AP
CTPtap,-0.0532824346960297,-0.0426289292247475,-0.052983628712127,-0.0530430341452757,Transport AP
DHAPtap,0.053282434696034,13.1681574809822,0.0529836287121136,0.0530430341452649,Transport AP
DMPPtap,0.00666030433706055,0.00532861615306501,0.0066229535890443,0.00663037926813104,Transport AP
FE2tap,0,0,0,0,Transport AP
H2Otap,0.106564869392059,0.0852578584493813,0.105967257424254,0.106086068290551,Transport AP
HCO3tap,0,0,0,0,Transport AP
HMBILtap,0,0,0,0,Transport AP
Htap,-4.67595178027523,-26.4078092199466,-4.6497292102963,-0.195046134525228,Transport AP
IPDPtap,0.0466221303590828,0.0373003130715688,0.0463606751230827,0.0464126548771446,Transport AP
NADHtap,4.48002533879207,0,4.45490151727415,0,Transport AP
NADPHtap,-0.159847304088089,-0.127886787674129,-0.158950886136381,-0.159129102435827,Transport AP
PEPPItap,4.53330777348813,13.1681574809822,4.50788514598624,0.0530430341452649,Transport AP
ADNt,15.6330484197147,0,-984.20217673616,-1000,Transport base
CAMPt,0,0,0,0,Transport base
CGMPt,0,0,0,0,Transport base
DADNt4,-5.35890281686045,1000,-7.87572476050275,1000,Transport base
DGSNt,2.05961698242072,1000,1000,-6.84704103375043,Transport base
DINt,1000,-1000,6.83937270472313,6.84704103375043,Transport base
GSNt,1000,-1000,2.04806672420818,15.5628083786353,Transport base
GUAt,-1000,1.64780883370781,-1000,-6.66540432097372,Transport base
HYXNt,6.87794396796244,5.50274003607967,-1000,-1000,Transport base
INSt,-1000,1000,1000,1000,Transport base
PAPt,0,0,0,0,Transport base
XANt,0,0,0,0,Transport base
NACUP,0.068036651478456,0.0544331282364631,0.0676551043756698,0.0677309595195704,Transport cofactor
PNTOt2,0.0172032973009664,0.0137636004672004,0.0171068218263599,0.0171260020558748,Transport cofactor
PYDAMtr,0,0,0,0,Transport cofactor
PYDXNtr,0,0,0,0,Transport cofactor
PYDXtr,0,0,0,0,Transport cofactor
RIBFLVt2,0.0133206086740085,0.0106572323061732,0.0132459071780284,0.0132607585363162,Transport cofactor
THMt3,0.00666030433706055,-13.1201999356044,0.0066229535890443,0.00663037926813104,Transport cofactor
EX_nicotinamide2,0,0,0,0,Transport cofactor
EX_folate2,0.019980913011068,0.0159858484593087,0.0198688607670192,0.0198911378045068,Transport cofactor
HDCAtr,0,0,0,0,Transport lipid
HDCEAtr,0,0,-5.55748310894398,4.45989636871627,Transport lipid
HEXCt,0,0,0,0,Transport lipid
INSTt2r,-5.35829584568546,1.29110835475478,0,2.47644138151077,Transport lipid
OCDCAtr,0,0,0,0,Transport lipid
OCDCEAtr,0,0,0,0,Transport lipid
PEFLIP,0,0,0,0,Transport lipid
XOLEST2te,0,0,0,0,Transport lipid
DHAPtmt,0,0,0,0,Transport MT
AMETtmt,0,0,0,0,Transport MT
ATPADPex_mt,0,0,0,0,Transport MT
ATPtmt,0,0,0,0,Transport MT
PIOHex_mt,0,0,0,0,Transport MT
3MOBtmt,0,0,0,0,
3MOPtmt,0,0,0,0,Transport MT
4HBAtmt,0,13.1255285517575,0,0,Transport MT
4HBZtmt,-0.00666030433706055,-0.00532861615306501,-0.0066229535890443,-0.00663037926813104,Transport MT
4MPETZtmt,0,0,0,0,Transport MT
4MOPtmt,0,0,0,0,Transport MT
5AOPtmt,1000,1000,1000,1000,Transport MT
AHCYStmt,0,0,0,0,Transport MT
ALALtmt,0,13.1255285517575,0,0,Transport MT
ASPtmt,0,0,0,0,Transport MT
CO2tmt,-9.99333969566305,16.7195782807446,-9.99337704641096,-9.99336962073187,Transport MT
COAtmt,0,0,0,0,Transport MT
CPPPG3tmt,0,0,0,0,Transport MT
CYSLtmt,0,-13.1255285517575,0,0,Transport MT
DHORtmt,-6.62745081785306,-5.95251825065202,-8.89079545474124,-6.59767336145421,Transport MT
DXYL5Ptmt,0,-13.1255285517575,0,0,Transport MT
FUMtmt,-342.194079419887,-25.747933158015,-322.73291822847,-126.673316009972,Transport MT
GDPtmt,0,0,0,0,Transport MT
GLUASPtmt,0,0,0,0,Transport MT
GLYC3Ptmt,0,0,0,0,Transport MT
GLYtmt,10,-3.58872111283404,10,10,Transport MT
GTPtmt,0,0,0,0,Transport MT
H2O2tmt,0,0,343.633540885765,0,Transport MT
Htmt,-332.194079419887,-29.6851294368148,-1000,-180.103518403874,Transport MT
IPDPtmt,0,0,0,0,Transport MT
NH4tmt,-10,13.4837642584389,-10,50.0345061346247,Transport MT
NO2tmt,0,-9.89504314560497,0,-60.0345061346246,Transport MT
NO3tmt,0,0,0,0,Transport MT
O2tmt,-171.097039709943,-3.15316101638541,182.26708177153,-35.0172530673124,Transport MT
OAAtmt,342.194079419887,26.0964083239808,322.73291822847,190.103518403874,Transport MT
OCTDPtmt,-0.00666030433706055,-0.00532861615306501,-0.0066229535890443,-0.00663037926813104,Transport MT
OROTtmt,6.62745081785306,5.95251825065202,8.89079545474124,6.59767336145421,Transport MT
PHEMEtmt,-0.00666030433706055,-0.00532861615306501,-0.0066229535890443,-0.00663037926813104,Transport MT
PPItmt,0.0133206086740074,0.01065723230613,0.0132459071779749,0.0132607585362621,Transport MT
PPP9tmt,0,0,0,0,Transport MT
PPPG9tmt,0,0,0,0,Transport MT
SUCCtmt,0,-0.348475165965738,0,-63.4302023939023,Transport MT
THFtmt,10,-3.58872111283404,10,10,Transport MT
TYRLtmt,0,-13.1255285517575,0,0,Transport MT
PENDPtmt,0,0,0,0,Transport MT
MET_SLV,0,0,0,0,AminoAcids MetPolyamineMetabolism
EX_4ahmmp,0,-13.1255285517575,0,0,Exchange
4AHMMPtr,0,13.1255285517575,0,0,Transport
DXYL5Ptap,0,13.1255285517575,0,0,Transport AP
4MHETZtmt,0,13.1255285517575,0,0,Transport MT
MTAADA,0,0,0,0,AminoAcids MetPolyamineMetabolism
PUNP8,0,0,0,0,AminoAcids MetPolyamineMetabolism
EX_hb,2.99334386353173,2.39484258614708,2.97655729843843,2.97989462507897,Exchange
HBtr,2.99334386353173,2.39484258614708,2.97655729843843,2.97989462507897,Transport
AMPtap,0,0,0,4.45989636871627,Transport AP
HXAt,0,0,0,0,Transport
HXAtap,0,0,0,0,Transport AP
PTHPS2,0,0,0,0,Cofactors FolateBiosynthesis
ACCOAtm,0,0,0,0,Transport MT
CHSTEROLt,-1.55008876722206,-1.24015775042687,-1.54139592497688,-1.54312414357582,Transport e
trna_ala,-0.40738363747414,-3.99362440435493,-0.405099044637495,-0.405553243128566,AminoAcids tRNA ; Exchange
trna_asp,-0.894213057622892,-8.76606412510159,-0.889198342847862,-0.890195315195797,AminoAcids tRNA ; Exchange
trna_cys,-0.201302471889676,-1.97338918514311,-0.200173574842893,-0.200398010167646,AminoAcids tRNA ; Exchange
trna_gly,-0.545667086264871,-5.3492315152173,-0.54260700480404,-0.543215377709657,AminoAcids tRNA ; Exchange
trna_his,-0.31748446234235,-3.11233338843783,-0.315704020857538,-0.316057989329693,AminoAcids tRNA ; Exchange
trna_ile,-1.06505135720886,-10.440809843057,-1.05907858737328,-1.06026603005614,AminoAcids tRNA ; Exchange
trna_leu,-1.01696575190579,-9.96942162524078,-1.01126264442121,-1.01239647569855,AminoAcids tRNA ; Exchange
trna_lys,-1.5303766557314,-15.0024424104946,-1.52179435830089,-1.52350059955347,AminoAcids tRNA ; Exchange
trna_pro,-0.324055166172684,-3.1767466852823,-0.322237876416125,-0.322599170670514,AminoAcids tRNA ; Exchange
trna_secys,0,0,0,0,AminoAcids tRNA ; Exchange
trna_ser,-0.91243182733399,-8.94466462998844,-0.907314942351491,-0.908332227095229,AminoAcids tRNA ; Exchange
trna_thr,-0.610776787855343,-5.98750872940309,-0.607351573521669,-0.608032538268276,AminoAcids tRNA ; Exchange
trna_tyr,-0.411863662812948,-4.03754256129434,-0.409553946154688,-0.410013139497323,AminoAcids tRNA ; Exchange
trna_val,-0.606296762516536,-5.94359057246368,-0.602896672004476,-0.603572641899632,AminoAcids tRNA ; Exchange
trna_arg,-0.402903612135333,-3.94970624741552,-0.400644143120189,-0.401093346759922,AminoAcids tRNA ; Exchange
trna_met,-0.603011410601425,-5.9113839240415,-0.599629744225126,-0.600302051229164,AminoAcids tRNA ; Exchange
trna_asn,-1.86518388271713,-18.2845926724315,-1.85472399835851,-1.85680352150882,AminoAcids tRNA ; Exchange
trna_gln,-1.45093087305679,0,-0.401832116858145,-1.44441177061492,AminoAcids tRNA ; Exchange
trna_glu,0,-14.2236270941028,-1.04096198786976,0,AminoAcids tRNA ; Exchange
trna_phe,-0.544472412841174,-5.33752000670017,-0.541419031066084,-0.542026072011367,AminoAcids tRNA ; Exchange
trna_trp,-0.0625710205650876,-0.613390258586719,-0.0622201245246288,-0.0622898859497809,AminoAcids tRNA ; Exchange
amet_ex,-0.00666030433706055,-0.00532861615306501,-0.0066229535890443,-0.00663037926813104,Exchange
ppa_ex,0,0,0,0,Exchange
pail_ex,0,-5.54292912839082,0,-6.90574738269152,Exchange
pail_uptake,0,5.54292912839082,0,6.90574738269152,Transport e
ocdcea_t,0,0,0,0,Transport ap
hdcea_t,0,0,0,4.45989636871627,Transport ap
ttdcea_t,0,0,0,0,Transport ap
trdrd_t,997.983391260832,0,0,0,Transport m
trdrd_exp,0,0,0,0,Expression
5aop_t,-1000,-1000,-1000,-1000,Transport m ; Transport ap ; Cofactors PorphyrinMetabolism 
adpr_ex,0,0,0,0,Exchange
adpr_t,0,0,0,0,Transport e
fldox_exp,0,0,0,0,Expression
PIACGT,0,0,0,0,Lipids GPIAnchorBiosynthesis
g3pc_ex,0,-3.10636816099213,0,-4.45989636871627,Exchange
g3pi_ex,-7.84591421660195,0,0,0,Exchange
g3ps_ex,0,0,0,0,Exchange
g3pc_t,0,3.10636816099213,0,4.45989636871627,Transport e
g3pi_t,7.84591421660195,0,0,0,Transport e
g3ps_t,0,0,0,0,Transport e
dolichol_ex,0,0,0,0,Exchange
dolichol_t,0,0,0,0,Transport e
seln_ex,0,0,0,0,Exchange
seln_t,0,0,0,0,Transport e
2agpe120[e]_ex,0,-43.0112514598918,0,-53.5187564245946,Exchange
2agpe140[e]_ex,-53.7603040655051,0,-53.4588182072895,0,Exchange
2agpe141[e]_ex,0,0,0,0,Exchange
2agpe160[e]_ex,0,0,0,0,Exchange
2agpe161[e]_ex,0,0,0,0,Exchange
2agpe180[e]_ex,0,0,0,0,Exchange
2agpe181[e]_ex,0,0,0,0,Exchange
2agpg120[e]_ex,0,0,-0.593986868969864,-0.594652849162117,Exchange
2agpg140[e]_ex,0,0,0,0,Exchange
2agpg141[e]_ex,0,0,0,0,Exchange
2agpg160[e]_ex,0,0,0,0,Exchange
2agpg161[e]_ex,0,-0.307223224713539,-5.55748310894398,0,Exchange
2agpg180[e]_ex,0,-0.170679569285312,0,0,Exchange
2agpg181[e]_ex,-0.597336711838921,0,0,0,Exchange
2ddecg3p[e]_ex,0,0,0,0,Exchange
2agpe120[e]_t,0,43.0112514598918,0,53.5187564245946,Transport e
2agpe140[e]_t,53.7603040655051,0,53.4588182072894,0,Transport e
2agpe141[e]_t,0,0,0,0,Transport e
2agpe160[e]_t,0,0,0,0,Transport e
2agpe161[e]_t,0,0,0,0,Transport e
2agpe180[e]_t,0,0,0,0,Transport e
2agpe181[e]_t,0,0,0,0,Transport e
2agpg120[e]_t,0,0,0.593986868969864,0.594652849162117,Transport e
2agpg140[e]_t,0,0,0,0,Transport e
2agpg141[e]_t,0,0,0,0,Transport e
2agpg160[e]_t,0,0,0,0,Transport e
2agpg161[e]_t,0,0.307223224713539,5.55748310894398,0,Transport e
2agpg180[e]_t,0,0.170679569285312,0,0,Transport e
2agpg181[e]_t,0.597336711838921,0,0,0,Transport e
2ddecg3p[e]_t,0,0,0,0,Transport e
gdp_t,0,13.1681574809821,4.50788514598628,0,Transport ap
gtp_t,0,-13.1681574809821,-4.50788514598628,0,Transport ap
2dr_p,-996.70071416556,-1000,-998.96364794422,-1000,Nucleotides PyrimidineMetabolism 
mi13456p_ex,0,0,0,0,Exchange
mi1345p_ex,0,0,0,0,Exchange
mi134p_ex,0,0,0,0,Exchange
mi1456p_ex,0,0,0,0,Exchange
mi145p_ex,0,0,0,0,Exchange
mi14p_ex,0,-18.4767317783467,-6.33452009929692,0,Exchange
mi1p_D_ex,0,5.54292912839082,0,6.90574738269152,Exchange
mi34p_ex,0,0,0,0,Exchange
mi4p_D_ex,0,18.4767317783467,6.33452009929692,0,Exchange
dIMP_ex,0,0,0,0,Exchange
dIMP_t,0,0,0,0,Transport e
mi13456p_t,0,0,0,0,Transport e
mi1345p_t,0,0,0,0,Transport e
mi134p_t,0,0,0,0,Transport e
mi1456p_t,0,0,0,0,Transport e
mi145p_t,0,0,0,0,Transport e
mi14p_t,0,18.4767317783467,6.33452009929692,0,Transport e
mi1p_D_t,0,-5.54292912839082,0,-6.90574738269152,Transport e
mi34p_t,0,0,0,0,Transport e
mi4p_D_t,0,-18.4767317783467,-6.33452009929692,0,Transport e
acp_exp,0,0,0,0,Expression
acp_t,0,0,0,0,Transport ap
ACPS1,0,0,0,0,Cofactors CoABiosynthesis
ACCOAC[ap],0,0,0,0,Lipids FattyAcidSynthesis
KAS14[ap],0,0,0,0,Lipids FattyAcidSynthesis
3OAR40[ap],0,0,0,0,Lipids FattyAcidSynthesis
3OAS60[ap],0,0,0,0,Lipids FattyAcidSynthesis
AXST_ex,0,0,0,0,Exchange
AXST_t,0,0,0,0,Transport e
citrul_ex,0,7.24825586832053,0,0,Export
anth_ex,0,0,0,0,Export
hcys_ex,0,0,0,0,Exchange
uri_gf,0,0,0,0,Nucleotides PyrimidineMetabolism
SBTR,493.278379049526,0,0,192.444785601595,Carbohydrates PyruvateMetabolism ; Carbohydrates Glycolysis
LALDO2x,0,0,0,0,Carbohydrates PyruvateMetabolism ; Carbohydrates Glycolysis
mthgxl_s,0,0,0,0,Spontaneous
mthgxl_ex,0,0,0,0,Exchange
ACP1,0,0,0,0,Cofactors RiboflavinMetabolism
THZPSN_mt,0,13.1255285517575,0,0,Cofactors ThiamineMetabolism
MAN1PT,0,0,0,0,Carbohydrates MannoseFructoseMetabolism
GALUi,0,0,0,0,Lipids SphingomyelinCeramideMetabolism
DMQMT_mt,0,0,0,0,Cofactors UbiquinoneMetabolism
OHPHM_mt,0,0,0,0,Cofactors UbiquinoneMetabolism
HETZK,0,13.1255285517575,0,0,Cofactors ThiamineMetabolism
UDCPDPS,0,0,0,0,Lipids TerpenoidMetabolism
OCTDPS,0.00666030433700425,0.0053286161530866,0.00662295358901419,0.00663037926815811,Lipids TerpenoidMetabolism
OMBZLM_mt,0,0,0,0,Cofactors UbiquinoneMetabolism
NADK,0.0133504755096005,0.0106811274458732,0.013275606521477,0.0132904911787744,Cofactors NicotinateNicotinamideMetabolism
DSAT,0,0,0,0,Lipids SphingomyelinCeramideMetabolism
PYK,995.453371617838,960.50618478936,999.993377046411,1000,Carbohydrates Glycolysis ; Carbohydrates PyruvateMetabolism ; Lipids IsoprenoidsMetabolism ; Lipids FattyAcidSynthesis
HYPOE,0,0,0,0,Cofactors VitB6Metabolism
PDXPP,0,0,0,0,Cofactors VitB6Metabolism
PYDXPP,0,0,0,0,Cofactors VitB6Metabolism
LYSDC,0,0,0,0,AminoAcids LysMetabolism
ADNCYC,0,0,0,0,Nucleotides PurineMetabolism
ARGTRS,0.402903612135369,3.94970624741553,0.400644143120186,0.401093346759879,AminoAcids ArgProMetabolism ; AminoAcids tRNA
PGM,-1000,-1000,-1000,-1000,Carbohydrates Glycolysis
DHCRD1,0,0,0,0,Lipids SphingomyelinCeramideMetabolism
DHCRD2,0,0,0,0,Lipids SphingomyelinCeramideMetabolism
PDX5POi,0,0,0,0,Cofactors VitB6Metabolism
THD2pp,8.72132506069761,1000,0,810.260111813389,Cofactors NicotinateNicotinamideMetabolism
PPA2,0,0,0,0,Nucleotides PurineMetabolism ; Lipids TerpenoidMetabolism
HBZOPT_mt,0.00666030433700425,0.0053286161530866,0.00662295358901419,0.00663037926815811,Cofactors UbiquinoneMetabolism
GLUDxi,0,0,0,0,AminoAcids GluMetabolism ; AminoAcids NitrogenMetabolism
GLUDy,0,0,0,0,AminoAcids GluMetabolism ; AminoAcids NitrogenMetabolism
GLUDy[ap],0,0,0,0,AminoAcids GluMetabolism ; AminoAcids NitrogenMetabolism
GLCNACPT,0,0,0,0,Carbohydrates AminosugarsMetabolism
DOLDPP,0,0,0,0,Lipids DolicholMetabolism
DOLPMT1,0,0,0,0,Lipids GPIAnchorBiosynthesis ; Lipids DolicholMetabolism
DOLPMT2,0,0,0,0,Lipids GPIAnchorBiosynthesis ; Lipids DolicholMetabolism
DOLPMT3,0,0,0,0,Lipids GPIAnchorBiosynthesis ; Lipids DolicholMetabolism
DOLPMT4,0,0,0,0,Lipids GPIAnchorBiosynthesis ; Lipids DolicholMetabolism
pppg9_ex,0,0,0,0,Exchange
HMGLB,2.99334386353173,2.39484258614708,2.97655729843843,2.97989462507897,Hemoglobin digestion
ADCL,0,13.157500248676,0,0,Cofactors ShikimateBiosynthesis, Cofactors FolateBiosynthesis
HCO3E,6.6274508178531,13.2007741189726,8.89079545474121,6.59767336145419,Nucleotides PyrimidineMetabolism ; Lipids FattyAcidSynthesis ; Carbohydrates PyruvateMetabolism
SELCYSS,0,0,0,0,AminoAcids SelenocysteineMetabolism ; AminoAcids tRNA
TRPTRS,0.0625710205651296,0.61339025858677,0.0622201245245952,0.0622898859497365,AminoAcids TrpMetabolism ; AminoAcids tRNA
TYRTA,0,0,0,0,Carbohydrates PyruvateMetabolism ; AminoAcids GluMetabolism ; AminoAcids PheTyrMetabolism
GLNTRS,1.4509308730568,0,0.401832116858126,1.44441177061489,AminoAcids GluMetabolism ; AminoAcids tRNA
THMP,0,13.1201999356044,0,0,Cofactors RiboflavinMetabolism
TKT1,0,0,0,0,Carbohydrates PentosePhosphateCycle
TKT2,-0.00666030433706055,-13.1628288648291,-0.0066229535890443,-0.00663037926813104,Carbohydrates PentosePhosphateCycle
DTMPK,0.812676596456886,0.650186751235364,0.808119135233526,0.809025201285122,Nucleotides PyrimidineMetabolism
DUMPK,0,0,0,0,Nucleotides PyrimidineMetabolism
UMPK,6.6274508178531,5.95251825065203,8.89079545474121,6.59767336145419,Nucleotides PyrimidineMetabolism
NDPK2,0,0,50.742813248924,6.59767336145419,Nucleotides PyrimidineMetabolism ; Nucleotides PurineMetabolism ; Lipids DolicholMetabolism
NDPK3,48.4407316126865,38.7063570483177,46.5035289650866,48.223085067556,Nucleotides PyrimidineMetabolism ; Nucleotides PurineMetabolism ; Lipids DolicholMetabolism
NDPK4,0.812676596456886,0.650186751235364,0.808119135233526,0.809025201285122,Nucleotides PyrimidineMetabolism ; Nucleotides PurineMetabolism ; Lipids DolicholMetabolism
NDPK5,0.195627773127255,0.156513165034606,0.194530699587637,0.194748808100608,Nucleotides PyrimidineMetabolism ; Nucleotides PurineMetabolism ; Lipids DolicholMetabolism
NDPK7,1.00830436958414,0.156513165034606,0.194530699587637,1.00377400938573,Nucleotides PyrimidineMetabolism ; Nucleotides PurineMetabolism ; Lipids DolicholMetabolism
NDPK8,0.812676596456886,0.650186751235364,0.808119135233526,0.809025201285122,Nucleotides PyrimidineMetabolism ; Nucleotides PurineMetabolism ; Lipids DolicholMetabolism
NDPK1,0,0,1000,8.70265524956096,Nucleotides PyrimidineMetabolism ; Nucleotides PurineMetabolism ; Lipids DolicholMetabolism
PPA,100.708022433785,221.881566309561,102.270609844536,104.715432797029,Nucleotides PurineMetabolism ; Lipids TerpenoidMetabolism
G6PDH2r,0,0,0,0,Carbohydrates PentosePhosphateCycle
OPHHX_mt,0.00666030433700425,0.0053286161530866,0.00662295358901419,0.00663037926815811,Cofactors UbiquinoneMetabolism
ILETA,0,0,0,0,AminoAcids LeuIleValMetabolism
CBPSam,6.6274508178531,13.2007741189726,8.89079545474121,6.59767336145419,AminoAcids NitrogenMetabolism
ASPTA,-341.895411063967,-621.822798456245,-313.76350861162,-0.297326424581115,AminoAcids AsnAspMetabolism ; Carbohydrates PyruvateMetabolism ; AminoAcids GluMetabolism
1_7_1_3_mt,0,0,0,0,AminoAcids NitrogenMetabolism
1_7_1_1_mt,0,0,0,0,AminoAcids NitrogenMetabolism
CYTK1,49.4490359822706,38.8628702133523,46.6980596646743,49.2268590769417,Nucleotides PyrimidineMetabolism
CYTK2,0,0,0,0,Nucleotides PyrimidineMetabolism
SHKK,0.00666030433700425,13.1628288648291,0.00662295358901419,0.00663037926815811,Cofactors ShikimateBiosynthesis
HMT,0,0,0,0,AminoAcids MetPolyamineMetabolism
ORNCT,0,7.24825586832053,0,0,AminoAcids MetPolyamineMetabolism
2.1.1.12,0,0,0,0,AminoAcids MetPolyamineMetabolism
PNTH,0,0,0,0,Cofactors CoABiosynthesis
PNTK2,0,0,0,0,Cofactors CoABiosynthesis
HMBZ,2.98668355919473,2.38951396999399,2.96993434484941,2.97326424581081,Hemozoin production
Hfv,0.00666030433700425,0.0053286161530866,0.00662295358901419,0.00663037926815811,Hemoglobin digestion
HMBZ_out,0,0,0,0,Exchange
HMBZex,2.98668355919473,2.38951396999399,2.96993434484941,2.97326424581081,Hemozoin production
HcysE,0,0,0,0,Export
GLNGLU,1.04683258749776,-3.96141775593264,0,1.04212911815671,AminoAcids GluMetabolism ; AminoAcids tRNA
PSTK,0,0,0,0,AminoAcids SelenocysteineMetabolism ; AminoAcids tRNA
PYRDAT,0,0,0,0,Cofactors VitB6Metabolism
GCM,0,0,0,0,Lipids SphingomyelinCeramideMetabolism ; Export
2.4.1.141,0,0,0,0,Carbohydrates AminosugarsMetabolism
LAC,995.460031922175,973.669013654189,1000,1000,Export
THZPSN_mt2,0,0,0,0,Cofactors ThiamineMetabolism
PYK[ap]2,0,13.1681574809822,4.50788514598624,0,Carbohydrates Glycolysis ; Carbohydrates PyruvateMetabolism ; Lipids IsoprenoidsMetabolism ; Lipids FattyAcidSynthesis
AMPPT1,6.62745081785306,5.30233149941671,-42.6601369294164,0,Nucleotides PyrimidineMetabolism
AMPPT2,8.74193317725587,-6.1741217762293,-995.814976416643,0,Nucleotides PurineMetabolism
SPMS2,0,0,0,0,AminoAcids MetPolyamineMetabolism
RNDR5,0,0,0,0,Nucleotides PyrimidineMetabolism ; Nucleotides PurineMetabolism ; Redox RedoxMetabolism
NTD1,0,0,0,0,Nucleotides PurineMetabolism
NTD10,0,0,0,0,Nucleotides PurineMetabolism
NTD2,0,0,0,0,Nucleotides PurineMetabolism
NTD6,0,0,0,0,Nucleotides PurineMetabolism
NTD7,0,0,0,0,Nucleotides PurineMetabolism
NTD8,0,0,0,0,Nucleotides PurineMetabolism
NTD9,0,0,0,0,Nucleotides PurineMetabolism
LEUTA,0,0,0,0,AminoAcids LeuIleValMetabolism
VALTA,0,0,0,0,AminoAcids LeuIleValMetabolism
THMDP,0,0,0,0,Cofactors RiboflavinMetabolism
FOLATEt,0,0,0,0,Transport e
GLUTRS,0,14.2236270941028,1.04096198786972,0,AminoAcids GluMetabolism ; AminoAcids tRNA
ADEt,-10.2741456028542,-1000,992.077901496663,0,Transport e
METTRS,0.603011410601416,5.91138392404148,0.599629744225097,0.600302051229203,AminoAcids MetPolyamineMetabolism ; AminoAcids tRNA
ASNTRS,1.86518388271711,18.2845926724314,1.85472399835846,1.85680352150885,AminoAcids AsnAspMetabolism ; AminoAcids tRNA
FMNAT,0.00666030433700425,0.0053286161530866,0.00662295358901419,0.00663037926815811,Cofactors RiboflavinMetabolism
PHETRS,0.544472412841199,5.33752000670015,0.541419031066048,0.542026072011311,AminoAcids PheTyrMetabolism ; AminoAcids tRNA
RNDR1,0.812676596456886,0.650186751235364,0.808119135233526,0.809025201285122,Nucleotides PyrimidineMetabolism ; Nucleotides PurineMetabolism ; Redox RedoxMetabolism
RNDR2,0.195627773127255,0.156513165034606,0.194530699587637,0.194748808100608,Nucleotides PyrimidineMetabolism ; Nucleotides PurineMetabolism ; Redox RedoxMetabolism
RNDR3,1.00830436958414,0.156513165034606,0.194530699587637,1.00377400938573,Nucleotides PyrimidineMetabolism ; Nucleotides PurineMetabolism ; Redox RedoxMetabolism
RNDR4,0,0.650186751235364,0.808119135233526,0,Nucleotides PyrimidineMetabolism ; Nucleotides PurineMetabolism ; Redox RedoxMetabolism
GPIMTer_L,0,0,0,0,Lipids GPIAnchorBiosynthesis ; Lipids DolicholMetabolism
ADCS,0,13.157500248676,0,0,Cofactors FolateBiosynthesis, Cofactors ShikimateBiosynthesis
PFK_2,0,0,0,0,Carbohydrates Glycolysis ; Carbohydrates MannoseFructoseMetabolism ; Carbohydrates PentosePhosphateCycle
PROTRS,0.324055166172628,3.17674668528232,0.322237876416161,0.322599170670473,AminoAcids ArgProMetabolism ; AminoAcids tRNA
ASPTRS,0.894213057622902,8.76606412510163,0.889198342847915,0.890195315195757,AminoAcids AsnAspMetabolism ; AminoAcids tRNA
GLYTRS,0.545667086264877,5.34923151521732,0.542607004803988,0.543215377709635,AminoAcids GlySerMetabolism ; AminoAcids tRNA
LYSTRS,1.53037665573138,15.0024424104946,1.52179435830084,1.52350059955346,AminoAcids LysMetabolism ; AminoAcids tRNA
GP4GH1,0,0,0,0,Nucleotides PurineMetabolism
AP4AH1,0,0,0,0,Nucleotides PurineMetabolism
OMMBLHX_mt,0,0,0,0,Cofactors UbiquinoneMetabolism
OPHBDC_mt,0.00666030433700425,0.0053286161530866,0.00662295358901419,0.00663037926815811,Cofactors UbiquinoneMetabolism
PDE4,0,0,0,0,Nucleotides PurineMetabolism
cys_br,0,0,0,0,AminoAcids MetPolyamineMetabolism
progly_ex,0,0,-146.615890788148,0,Exchange
progly_t,0,0,-146.615890788148,0,Transport e
FLDO[ap],0,0,0,0,Others BiosynthesisCytochrome
FLDR[ap],0,0,0,0,Others BiosynthesisCytochrome
CYOOm_mt,171.093709557775,3.1504967083089,161.36314763744,35.0139378776782,Others MitochondrialElectronFlow
CYOR_u6m_mt,342.18741911555,6.30099341661779,322.726295274881,70.0278757553565,Others MitochondrialElectronFlow
NADH5,332.194079419887,0,312.73291822847,0,Others MitochondrialElectronFlow
SUCD2_u6m_mt,0,0.348475165965766,0,63.4302023939023,Others MitochondrialElectronFlow
DHORD2_mt,6.6274508178531,5.95251825065203,8.89079545474121,6.59767336145419,Nucleotides PyrimidineMetabolism ; Others MitochondrialElectronFlow
FACOAL100t2pp[ap],0,0,0,0,Lipids FattyAcidSynthesis ; Lipids SphingomyelinCeramideMetabolism ; Lipids PhosphatidyletanolaminePhosphatidylserineMetabolism ; Lipids UtilizationPhospholipids
FACOAL120t2pp[ap],0,0,0,0,Lipids FattyAcidSynthesis ; Lipids SphingomyelinCeramideMetabolism ; Lipids PhosphatidyletanolaminePhosphatidylserineMetabolism ; Lipids UtilizationPhospholipids
FACOAL140t2pp[ap],0,0,0,0,Lipids FattyAcidSynthesis ; Lipids SphingomyelinCeramideMetabolism ; Lipids PhosphatidyletanolaminePhosphatidylserineMetabolism ; Lipids UtilizationPhospholipids
FACOAL141t2pp[ap],0,0,0,0,Lipids FattyAcidSynthesis ; Lipids SphingomyelinCeramideMetabolism ; Lipids PhosphatidyletanolaminePhosphatidylserineMetabolism ; Lipids UtilizationPhospholipids
FACOAL160t2pp[ap],0,0,0,0,Lipids FattyAcidSynthesis ; Lipids SphingomyelinCeramideMetabolism ; Lipids PhosphatidyletanolaminePhosphatidylserineMetabolism ; Lipids UtilizationPhospholipids
FACOAL161t2pp[ap],0,0,0,4.45989636871622,Lipids FattyAcidSynthesis ; Lipids SphingomyelinCeramideMetabolism ; Lipids PhosphatidyletanolaminePhosphatidylserineMetabolism ; Lipids UtilizationPhospholipids
FACOAL180t2pp[ap],0,0,0,0,Lipids FattyAcidSynthesis ; Lipids SphingomyelinCeramideMetabolism ; Lipids PhosphatidyletanolaminePhosphatidylserineMetabolism ; Lipids UtilizationPhospholipids
FACOAL181t2pp[ap],0,0,0,0,Lipids FattyAcidSynthesis ; Lipids SphingomyelinCeramideMetabolism ; Lipids PhosphatidyletanolaminePhosphatidylserineMetabolism ; Lipids UtilizationPhospholipids
FACOAL60t2pp[ap],0,0,0,0,Lipids FattyAcidSynthesis ; Lipids SphingomyelinCeramideMetabolism ; Lipids PhosphatidyletanolaminePhosphatidylserineMetabolism ; Lipids UtilizationPhospholipids
FACOAL80t2pp[ap],0,0,0,0,Lipids FattyAcidSynthesis ; Lipids SphingomyelinCeramideMetabolism ; Lipids PhosphatidyletanolaminePhosphatidylserineMetabolism ; Lipids UtilizationPhospholipids
35cgmp_ex,0,0,0,0,Exchange
camp_ex,0,0,0,0,Exchange
gluside_ex,0,0,0,0,Exchange
pap_ex,0,0,0,0,Exchange
sperm_ex,0,0,0,0,Exchange
GPDDA1,0,3.10636816099219,0,4.45989636871622,Lipids PhosphatidylcholineMetabolism ; Lipids PhosphatidyletanolaminePhosphatidylserineMetabolism
GPDDA2,0,0,0,0,Lipids PhosphatidylcholineMetabolism ; Lipids PhosphatidyletanolaminePhosphatidylserineMetabolism
GPDDA3,0,0,0,0,Lipids PhosphatidylcholineMetabolism ; Lipids PhosphatidyletanolaminePhosphatidylserineMetabolism
GPDDA4,0.597336711838946,0.477902793998798,6.15146997791385,0.594652849162163,Lipids PhosphatidylcholineMetabolism ; Lipids PhosphatidyletanolaminePhosphatidylserineMetabolism
GPDDA5,7.84591421660197,0,0,0,Lipids PhosphatidylcholineMetabolism ; Lipids PhosphatidyletanolaminePhosphatidylserineMetabolism
NDPK9,0,0,0,0,Nucleotides PyrimidineMetabolism ; Nucleotides PurineMetabolism ; Lipids DolicholMetabolism
SMPD3l,0,0,0,0,Lipids SphingomyelinCeramideMetabolism
2_7_8_3,33.6429417544485,33.4531955799159,25.0794455787284,41.6256994413514,Lipids SphingomyelinCeramideMetabolism
SMS,8.17062807427771,0,16.4996352491634,0,Lipids SphingomyelinCeramideMetabolism
SM_host,41.8135698287262,33.4531955799159,41.5790808278918,41.6256994413514,Transport e
SM_ex,-41.8135698287263,-33.4531955799158,-41.5790808278919,-41.6256994413513,Exchange
SMPD3l_host,41.8135698287262,33.4531955799159,41.5790808278918,41.6256994413514,Lipids SphingomyelinCeramideMetabolism
PGK,1000,1000,1000,1000,Carbohydrates Glycolysis
EX_4HBA,0,13.1255285517575,0,0,Exchange
EX_HMFURN,0,0,0,0,Exchange
ILEt2r,11.7155649292972,18.9618166600554,11.6498644611063,11.6629263306174,Transport e
DOLPMT,0,0,0,0,Lipids DolicholMetabolism
SPODMc,0,0,0,0,Redox RedoxMetabolism
SPODM_mt,0,0,343.633540885765,0,Redox RedoxMetabolism ; Redox MitochondrialAntioxidantSystem
GTHOXti,0,0.0716854190998197,997.387229959462,501.382567874302,Transport ; Redox RedoxMetabolism
GTHRDti,1000,0,7.9875790217856,1000,Transport ; Redox RedoxMetabolism
GTHOXte,498.611192144974,0,1000,1000,Transport ; Redox RedoxMetabolism
GTHRDte,0,0,0,0,Transport ; Redox RedoxMetabolism
GTHOr_c,-498.70079265175,0,-2.70186807088328,0,Redox RedoxMetabolism ; Redox MitochondrialAntioxidantSystem
GTHOr[ap],0,0,0,0,Redox RedoxMetabolism ; Redox MitochondrialAntioxidantSystem
GTHP[ap],0,0,0,0,Redox RedoxMetabolism ; Redox MitochondrialAntioxidantSystem
GST12_c,0,0,0,0,Redox RedoxMetabolism
G_Protein_t,0,0,0,0,Transport ; Redox RedoxMetabolism
G_Protein_Ex,0,0,0,0,Transport ; Redox RedoxMetabolism
GST12_e,0,0,0,0,Redox RedoxMetabolism
THIORDXi_c,0,0,0,0,Redox RedoxMetabolism ; Redox MitochondrialAntioxidantSystem
THIORDXi_mt,0,0,0,0,Redox RedoxMetabolism ; Redox MitochondrialAntioxidantSystem
GTHP_c,0,0,0,498.706630053072,Redox RedoxMetabolism ; Redox MitochondrialAntioxidantSystem
ROOH_mEx,0,0,0,-498.706630053072,Exchange ; Redox RedoxMetabolism ; Redox MitochondrialAntioxidantSystem
ROOH_aEx,0,0,0,0,Exchange ; Redox RedoxMetabolism
ROH_mEx,0,0,0,498.706630053072,Exchange ; Redox RedoxMetabolism ; Redox MitochondrialAntioxidantSystem
ROH_aEx,0,0,0,0,Exchange ; Redox RedoxMetabolism
GTHP_c2,0,0,0,0,Redox RedoxMetabolism ; Redox MitochondrialAntioxidantSystem
GTHP[ap]2,0,0,0,0,Redox RedoxMetabolism ; Redox MitochondrialAntioxidantSystem
Stress_protein_m,-997.983391260832,0,0,0,Exchange ; Redox RedoxMetabolism ; Redox MitochondrialAntioxidantSystem
disulfide_protein_m,997.983391260832,0,0,0,Exchange ; Redox RedoxMetabolism ; Redox MitochondrialAntioxidantSystem
Stress_protein[ap],0,0,0,0,Exchange ; Redox RedoxMetabolism
disulfide_protein[ap],0,0,0,0,Exchange ; Redox RedoxMetabolism
THIORDXi_c2,0,0,0,0,Redox RedoxMetabolism ; Redox MitochondrialAntioxidantSystem
THIORDXi_mt2,997.983391260832,0,0,0,Redox RedoxMetabolism ; Redox MitochondrialAntioxidantSystem
Stress_protein_c,0,0,0,0,Exchange ; Redox RedoxMetabolism ; Redox MitochondrialAntioxidantSystem
disulfide_protein_c,0,0,0,0,Exchange ; Redox RedoxMetabolism ; Redox MitochondrialAntioxidantSystem
superox_ex,0,0,687.26708177153,0,Exchange
H2O2tap,0,0,0,0,Transport
Trdox_tmt,997.983391260832,0,0,0,Transport ; Redox RedoxMetabolism
FADH2_ex,0,0,0,0,Exchange
GTHRDtmt,0,0,0,0,Transport
GTHRDtap,0,0,0,0,Transport
PYRt2r,0,0,0,0.00663037926815811,Transport
NADPHtmt,0.00666030433706055,0.00532861615306501,0.0066229535890443,0.00663037926813104,Transport
NADPtmt,-0.00666030433706055,-0.00532861615306501,-0.0066229535890443,-0.00663037926813104,Transport
PDH[ap],4.48002533879209,0,4.45490151727412,0,Carbohydrates PyruvateMetabolism ; Lipids FattyAcidSynthesis
G3PD_mt,3.36588887780988,0,1.1025815916698,0,Carbohydrates Glycolysis ; Others MitochondrialElectronFlow
G3PD1ir,0,0,0,0,Lipids FattyAcidSynthesis ; Others MitochondrialElectronFlow ; Carbohydrates Glycolysis ; Lipids UtilizationPhospholipids
MDHc,-0.298668355919517,595.726390132264,-4.45490151727415,-189.739888186611,Others MitochondrialTCACycle ; Carbohydrates PyruvateMetabolism
AKG_MALtmt,0,0,0,0,Transport MT
AKG_OAAtmt,0,0,0,0,Transport MT
MDHm,342.194079419887,26.0964083239808,322.73291822847,190.103518403874,Others MitochondrialTCACycle ; Carbohydrates PyruvateMetabolism
PRPPS,15.6330484197147,13.157500248676,17.8458899880482,15.5628083786353,Carbohydrates PentosePhosphateCycle
PCt,-112.62284636535,-83.6329889497896,-120.282340966401,-104.064248603378,Transport lipid
GHMT2r,11.1246655610504,0,11.1183584768964,11.1196123844026,Nucleotides PyrimidineMetabolism ; AminoAcids GlySerMetabolism ; Cofactors FolateBiosynthesis
GHMT2r_m,0,0,0,0,Nucleotides PyrimidineMetabolism ; AminoAcids GlySerMetabolism ; Cofactors FolateBiosynthesis
GHMT2r_ap,0,0,0,0,Nucleotides PyrimidineMetabolism ; AminoAcids GlySerMetabolism ; Cofactors FolateBiosynthesis
GLYCL_mt,-10,3.58872111283404,-10,-10,AminoAcids GlySerMetabolism
FRUt1r,0.00666030433706055,0,0.0066229535890443,0.0397822756088999,Transport
Q8H2tmt,0,0,0,0,Transport MT
MANt1r,0,0,0,0,Transport
PIt2r,1.9738032242866,0,0,5.31570060776255,Transport
MLTHFtap,0,0,0,0,Transport AP
pABAt,0.019980913011068,-13.1415144002167,0.0198688607670192,0.0198911378045068,Transport e
MLTHFtmt,-10,3.588721112834,-10,-10,Transport MT
MLTHFt,0,0,0,0,Transport MT
pc_prod,104.533924571816,83.6329889497896,103.94770206973,104.064248603378,Lipids LipidProduction
pe_prod1,0,0,0,0,Lipids LipidProduction
pe_prod2,0,0,0,0,Lipids LipidProduction
pe_prod3,0,0,0,0,Lipids LipidProduction
pe_prod4,0,0,0,0,Lipids LipidProduction
pe_prod5,0,0,0,0,Lipids LipidProduction
pe_prod6,0,0,0,0,Lipids LipidProduction
pe_prod7,0,0,0,0,Lipids LipidProduction
pe_prod8,0,0,0,0,Lipids LipidProduction
pe_prod9,0,0,0,0,Lipids LipidProduction
pe_prod10,0,0,0,0,Lipids LipidProduction
pe_prod11,0,0,0,0,Lipids LipidProduction
pe_prod12,0,0,0,0,Lipids LipidProduction
pe_prod13,0,0,0,0,Lipids LipidProduction
pe_prod14,0,0,0,0,Lipids LipidProduction
pe_prod15,0,0,0,0,Lipids LipidProduction
pe_prod16,0,43.0112514598918,0,53.5187564245946,Lipids LipidProduction
pe_prod17,53.7603040655051,0,53.4588182072895,0,Lipids LipidProduction
pe_prod18,0,0,0,0,Lipids LipidProduction
pe_prod19,0,0,0,0,Lipids LipidProduction
pe_prod20,0,0,0,0,Lipids LipidProduction
pe_prod21,0,0,0,0,Lipids LipidProduction
pe_prod22,0,0,0,0,Lipids LipidProduction
ps_prod1,0,0,0,0,Lipids LipidProduction
ps_prod2,0,0,0,0,Lipids LipidProduction
ps_prod3,0,0,0,0,Lipids LipidProduction
ps_prod4,0,0,0,0,Lipids LipidProduction
ps_prod5,0,0,0,0,Lipids LipidProduction
ps_prod6,0,0,0,0,Lipids LipidProduction
ps_prod7,0,0,0,0,Lipids LipidProduction
pi_prod1,0,0,0,0,Lipids LipidProduction
pi_prod2,0,0,0,0,Lipids LipidProduction
pi_prod3,12.6934051265776,10.1554343724745,12.62222096561,12.636373044696,Lipids LipidProduction
pi_prod4,0,0,0,0,Lipids LipidProduction
pg_prod1,2.24001266939605,0,0.247494528737451,0,Lipids LipidProduction
pg_prod2,2.24001266939605,0,0.841481397707334,0,Lipids LipidProduction
pg_prod3,0,0,0.841481397707334,0,Lipids LipidProduction
pg_prod4,0,0,0,2.03880976855599,Lipids LipidProduction
pg_prod5,0,1.63852386513874,0.841481397707334,2.42108660016023,Lipids LipidProduction
pg_prod6,0,0,0.841481397707334,0,Lipids LipidProduction
pg_prod7,0,1.94574708985225,0.841481397707334,0,Lipids LipidProduction
acylpg_prod1,0,0,0.593986868969883,0.594652849162163,Lipids LipidProduction
acylpg_prod2,0,0,0,0,Lipids LipidProduction
acylpg_prod3,0,0,0,0,Lipids LipidProduction
acylpg_prod4,0,0,0,0,Lipids LipidProduction
acylpg_prod5,0,0.307223224713513,0,0,Lipids LipidProduction
acylpg_prod6,0,0.170679569285285,0,0,Lipids LipidProduction
acylpg_prod7,0.597336711838946,0,0,0,Lipids LipidProduction
dgl_prod1,1.34400760163763,0,11.0382559816903,0,Lipids LipidProduction
dgl_prod2,0,1.94574708985225,0,1.82643375099807,Lipids LipidProduction
dgl_prod3,0,1.94574708985225,0,2.42108660016023,Lipids LipidProduction
dgl_prod4,2.24001266939605,1.94574708985225,0,2.42108660016023,Lipids LipidProduction
dgl_prod5,2.24001266939605,1.94574708985225,0.841481397707334,0.382276831604247,Lipids LipidProduction
dgl_prod6,2.24001266939605,0,0,0,Lipids LipidProduction
dgl_prod7,2.24001266939605,1.77506752056696,0,2.42108660016023,Lipids LipidProduction
dgl_prod8,1.6426759575571,0,0,2.42108660016023,Lipids LipidProduction
GAT_c,4.48002533879209,3.58427095499098,4.45490151727412,4.45989636871622,Lipids LipidProduction
acoa_prod1,0,0,0,0,Lipids LipidProduction
acoa_prod2,0,0,0,0,Lipids LipidProduction
acoa_prod3,4.48002533879209,3.58427095499098,4.45490151727412,0,Lipids LipidProduction
acoa_prod4,0,0,0,0,Lipids LipidProduction
acoa_prod5,0,0,0,0,Lipids LipidProduction
acoa_prod6,0,0,0,4.45989636871622,Lipids LipidProduction
acoa_prod7,0,0,0,0,Lipids LipidProduction
acoa_prod8,0,0,0,0,Lipids LipidProduction
acoa_prod9,0,0,0,0,Lipids LipidProduction
acoa_prod10,0,0,0,0,Lipids LipidProduction
acoa_prod11,0,0,0,0,Lipids LipidProduction
acoa_prod12,0,0,0,0,Lipids LipidProduction
acoa_prod13,0,0,0,0,Lipids LipidProduction
acoa_prod14,0,0,0,0,Lipids LipidProduction
acoa_prod15,0,0,0,0,Lipids LipidProduction
acoa_prod16,0,0,0,0,Lipids LipidProduction
Protein,2.98668355919473,29.2787712929246,2.96993434484941,2.97326424581081,AminoAcids ProteinProduction
Protein_t,0,26.8892573229306,0,0,Transport e
Protein_ex,0,26.8892573229306,0,0,Exchange
Lipid_prod,2.98668355919473,2.38951396999399,2.96993434484941,2.97326424581081,Lipids LipidProduction
Lipid_ex,0,0,0,0,Exchange
biomass,29.8668355919473,23.8951396999399,29.6993434484941,29.7326424581081,Biomass
biomass_s,29.8668355919473,23.8951396999399,29.6993434484941,29.7326424581081,Exchange
EX_lac_L(e),995.161363566255,973.430062257189,999.703006565515,999.702673575419,
